ANSWER;PERSONID;MATCHOR;ASPPRI;DO
O;A;NO;PF;VB
O;A;YES;PF;VB
O;A;YES;PF;S
N;A;NO;PF;S
O;A;YES;PF;S
O;A;NO;PF;S
N;A;YES;PF;VB
O;A;NO;PF;VB
O;A;YES;PF;V
O;A;NO;PF;V
O;A;YES;PF;S
O;A;NO;PF;S
O;A;YES;IPF;VB
N;A;NO;IPF;VB
O;A;NO;IPF;S
N;A;YES;IPF;S
N;A;NO;IPF;S
O;A;YES;IPF;S
O;A;YES;IPF;VB
O;A;NO;IPF;VB
O;A;YES;PF;V
O;A;NO;PF;V
O;A;YES;PF;VB
O;A;NO;PF;VB
O;A;YES;PF;VB
O;A;NO;PF;VB
O;A;YES;PF;V
O;A;NO;PF;V
O;A;NO;PF;V
O;A;YES;PF;V
O;A;YES;PF;VB
O;A;NO;PF;VB
N;A;NO;IPF;V
O;A;YES;IPF;V
O;B;NO;PF;VB
O;B;YES;PF;VB
O;B;YES;PF;S
N;B;NO;PF;S
O;B;YES;PF;S
N;B;NO;PF;S
N;B;YES;PF;VB
O;B;NO;PF;VB
O;B;YES;PF;V
O;B;NO;PF;V
N;B;YES;PF;S
O;B;NO;PF;S
O;B;YES;IPF;VB
N;B;NO;IPF;VB
O;B;NO;IPF;S
N;B;YES;IPF;S
N;B;NO;IPF;S
O;B;YES;IPF;S
O;B;YES;IPF;VB
N;B;NO;IPF;VB
O;B;YES;PF;V
O;B;NO;PF;V
O;B;YES;PF;VB
O;B;NO;PF;VB
O;B;YES;PF;VB
O;B;NO;PF;VB
O;B;YES;PF;V
O;B;NO;PF;V
O;B;NO;PF;V
O;B;YES;PF;V
O;B;YES;PF;VB
O;B;NO;PF;VB
O;B;NO;IPF;V
O;B;YES;IPF;V
O;C;NO;PF;VB
O;C;YES;PF;VB
O;C;YES;PF;S
O;C;NO;PF;S
O;C;YES;PF;S
O;C;NO;PF;S
O;C;YES;PF;VB
O;C;NO;PF;VB
O;C;YES;PF;V
O;C;NO;PF;V
N;C;YES;PF;S
O;C;NO;PF;S
O;C;YES;IPF;VB
N;C;NO;IPF;VB
O;C;NO;IPF;S
N;C;YES;IPF;S
N;C;NO;IPF;S
O;C;YES;IPF;S
O;C;YES;IPF;VB
N;C;NO;IPF;VB
O;C;YES;PF;V
N;C;NO;PF;V
O;C;YES;PF;VB
O;C;NO;PF;VB
O;C;YES;PF;VB
O;C;NO;PF;VB
N;C;YES;PF;V
O;C;NO;PF;V
O;C;NO;PF;V
N;C;YES;PF;V
O;C;YES;PF;VB
N;C;NO;PF;VB
N;C;NO;IPF;V
O;C;YES;IPF;V
N;D;NO;PF;VB
O;D;YES;PF;VB
O;D;YES;PF;S
N;D;NO;PF;S
O;D;YES;PF;S
N;D;NO;PF;S
O;D;YES;PF;VB
O;D;NO;PF;VB
O;D;YES;PF;V
O;D;NO;PF;V
O;D;YES;PF;S
O;D;NO;PF;S
O;D;YES;IPF;VB
O;D;NO;IPF;VB
O;D;NO;IPF;S
O;D;YES;IPF;S
N;D;NO;IPF;S
O;D;YES;IPF;S
O;D;YES;IPF;VB
O;D;NO;IPF;VB
O;D;YES;PF;V
N;D;NO;PF;V
N;D;YES;PF;VB
O;D;NO;PF;VB
O;D;YES;PF;VB
N;D;NO;PF;VB
N;D;YES;PF;V
O;D;NO;PF;V
O;D;NO;PF;V
N;D;YES;PF;V
O;D;YES;PF;VB
O;D;NO;PF;VB
N;D;NO;IPF;V
O;D;YES;IPF;V
O;E;NO;PF;VB
O;E;YES;PF;VB
O;E;YES;PF;S
O;E;NO;PF;S
O;E;YES;PF;S
N;E;NO;PF;S
N;E;YES;PF;VB
O;E;NO;PF;VB
O;E;YES;PF;V
N;E;NO;PF;V
N;E;YES;PF;S
O;E;NO;PF;S
O;E;YES;IPF;VB
N;E;NO;IPF;VB
O;E;NO;IPF;S
O;E;YES;IPF;S
O;E;NO;IPF;S
O;E;YES;IPF;S
O;E;YES;IPF;VB
O;E;NO;IPF;VB
O;E;YES;PF;V
N;E;NO;PF;V
O;E;YES;PF;VB
O;E;NO;PF;VB
O;E;YES;PF;VB
N;E;NO;PF;VB
O;E;YES;PF;V
O;E;NO;PF;V
O;E;NO;PF;V
N;E;YES;PF;V
N;E;YES;PF;VB
O;E;NO;PF;VB
N;E;NO;IPF;V
O;E;YES;IPF;V
O;F;NO;PF;VB
O;F;YES;PF;VB
O;F;YES;PF;S
O;F;NO;PF;S
O;F;YES;PF;S
N;F;NO;PF;S
O;F;YES;PF;VB
O;F;NO;PF;VB
O;F;YES;PF;V
O;F;NO;PF;V
O;F;YES;PF;S
O;F;NO;PF;S
O;F;YES;IPF;VB
O;F;NO;IPF;VB
O;F;NO;IPF;S
N;F;YES;IPF;S
N;F;NO;IPF;S
O;F;YES;IPF;S
O;F;YES;IPF;VB
N;F;NO;IPF;VB
O;F;YES;PF;V
O;F;NO;PF;V
O;F;YES;PF;VB
O;F;NO;PF;VB
O;F;YES;PF;VB
N;F;NO;PF;VB
O;F;YES;PF;V
O;F;NO;PF;V
O;F;NO;PF;V
O;F;YES;PF;V
O;F;YES;PF;VB
O;F;NO;PF;VB
N;F;NO;IPF;V
O;F;YES;IPF;V
O;G;NO;PF;VB
O;G;YES;PF;VB
O;G;YES;PF;S
O;G;NO;PF;S
O;G;YES;PF;S
O;G;NO;PF;S
O;G;YES;PF;VB
O;G;NO;PF;VB
O;G;YES;PF;V
O;G;NO;PF;V
O;G;YES;PF;S
O;G;NO;PF;S
O;G;YES;IPF;VB
N;G;NO;IPF;VB
O;G;NO;IPF;S
O;G;YES;IPF;S
O;G;NO;IPF;S
O;G;YES;IPF;S
O;G;YES;IPF;VB
O;G;NO;IPF;VB
O;G;YES;PF;V
O;G;NO;PF;V
O;G;YES;PF;VB
O;G;NO;PF;VB
O;G;YES;PF;VB
N;G;NO;PF;VB
O;G;YES;PF;V
O;G;NO;PF;V
O;G;NO;PF;V
O;G;YES;PF;V
O;G;YES;PF;VB
O;G;NO;PF;VB
N;G;NO;IPF;V
O;G;YES;IPF;V
O;H;NO;PF;VB
O;H;YES;PF;VB
O;H;YES;PF;S
O;H;NO;PF;S
O;H;YES;PF;S
O;H;NO;PF;S
O;H;YES;PF;VB
O;H;NO;PF;VB
O;H;YES;PF;V
O;H;NO;PF;V
O;H;YES;PF;S
O;H;NO;PF;S
O;H;YES;IPF;VB
O;H;NO;IPF;VB
O;H;NO;IPF;S
N;H;YES;IPF;S
O;H;NO;IPF;S
O;H;YES;IPF;S
O;H;YES;IPF;VB
O;H;NO;IPF;VB
O;H;YES;PF;V
O;H;NO;PF;V
O;H;YES;PF;VB
O;H;NO;PF;VB
O;H;YES;PF;VB
O;H;NO;PF;VB
O;H;YES;PF;V
O;H;NO;PF;V
O;H;NO;PF;V
O;H;YES;PF;V
N;H;YES;PF;VB
O;H;NO;PF;VB
N;H;NO;IPF;V
O;H;YES;IPF;V
O;I;NO;PF;VB
O;I;YES;PF;VB
O;I;YES;PF;S
O;I;NO;PF;S
O;I;YES;PF;S
N;I;NO;PF;S
O;I;YES;PF;VB
O;I;NO;PF;VB
O;I;YES;PF;V
O;I;NO;PF;V
N;I;YES;PF;S
O;I;NO;PF;S
O;I;YES;IPF;VB
N;I;NO;IPF;VB
O;I;NO;IPF;S
N;I;YES;IPF;S
N;I;NO;IPF;S
O;I;YES;IPF;S
O;I;YES;IPF;VB
N;I;NO;IPF;VB
O;I;YES;PF;V
N;I;NO;PF;V
O;I;YES;PF;VB
O;I;NO;PF;VB
O;I;YES;PF;VB
O;I;NO;PF;VB
O;I;YES;PF;V
O;I;NO;PF;V
O;I;NO;PF;V
N;I;YES;PF;V
O;I;YES;PF;VB
N;I;NO;PF;VB
N;I;NO;IPF;V
O;I;YES;IPF;V
O;J;NO;PF;VB
O;J;YES;PF;VB
O;J;YES;PF;S
O;J;NO;PF;S
N;J;YES;PF;S
O;J;NO;PF;S
O;J;YES;PF;VB
O;J;NO;PF;VB
O;J;YES;PF;V
O;J;NO;PF;V
O;J;YES;PF;S
O;J;NO;PF;S
O;J;YES;IPF;VB
N;J;NO;IPF;VB
O;J;NO;IPF;S
N;J;YES;IPF;S
N;J;NO;IPF;S
O;J;YES;IPF;S
O;J;YES;IPF;VB
N;J;NO;IPF;VB
O;J;YES;PF;V
O;J;NO;PF;V
O;J;YES;PF;VB
O;J;NO;PF;VB
O;J;YES;PF;VB
N;J;NO;PF;VB
O;J;YES;PF;V
O;J;NO;PF;V
N;J;NO;PF;V
O;J;YES;PF;V
O;J;YES;PF;VB
O;J;NO;PF;VB
O;J;NO;IPF;V
O;J;YES;IPF;V
O;K;NO;PF;VB
O;K;YES;PF;VB
O;K;YES;PF;S
N;K;NO;PF;S
O;K;YES;PF;S
N;K;NO;PF;S
O;K;YES;PF;VB
N;K;NO;PF;VB
O;K;YES;PF;V
O;K;NO;PF;V
O;K;YES;PF;S
O;K;NO;PF;S
O;K;YES;IPF;VB
N;K;NO;IPF;VB
O;K;NO;IPF;S
N;K;YES;IPF;S
N;K;NO;IPF;S
O;K;YES;IPF;S
O;K;YES;IPF;VB
N;K;NO;IPF;VB
O;K;YES;PF;V
N;K;NO;PF;V
O;K;YES;PF;VB
O;K;NO;PF;VB
O;K;YES;PF;VB
N;K;NO;PF;VB
O;K;YES;PF;V
O;K;NO;PF;V
O;K;NO;PF;V
O;K;YES;PF;V
O;K;YES;PF;VB
N;K;NO;PF;VB
N;K;NO;IPF;V
O;K;YES;IPF;V
O;L;NO;PF;VB
O;L;YES;PF;VB
O;L;YES;PF;S
O;L;NO;PF;S
O;L;YES;PF;S
N;L;NO;PF;S
O;L;YES;PF;VB
O;L;NO;PF;VB
O;L;YES;PF;V
O;L;NO;PF;V
O;L;YES;PF;S
O;L;NO;PF;S
O;L;YES;IPF;VB
O;L;NO;IPF;VB
O;L;NO;IPF;S
O;L;YES;IPF;S
N;L;NO;IPF;S
O;L;YES;IPF;S
O;L;YES;IPF;VB
N;L;NO;IPF;VB
O;L;YES;PF;V
O;L;NO;PF;V
O;L;YES;PF;VB
O;L;NO;PF;VB
O;L;YES;PF;VB
O;L;NO;PF;VB
O;L;YES;PF;V
O;L;NO;PF;V
O;L;NO;PF;V
O;L;YES;PF;V
O;L;YES;PF;VB
O;L;NO;PF;VB
N;L;NO;IPF;V
O;L;YES;IPF;V
O;M;NO;PF;VB
O;M;YES;PF;VB
O;M;YES;PF;S
N;M;NO;PF;S
O;M;YES;PF;S
N;M;NO;PF;S
O;M;YES;PF;VB
O;M;NO;PF;VB
O;M;YES;PF;V
O;M;NO;PF;V
O;M;YES;PF;S
O;M;NO;PF;S
O;M;YES;IPF;VB
O;M;NO;IPF;VB
O;M;NO;IPF;S
O;M;YES;IPF;S
O;M;NO;IPF;S
O;M;YES;IPF;S
O;M;YES;IPF;VB
N;M;NO;IPF;VB
O;M;YES;PF;V
N;M;NO;PF;V
O;M;YES;PF;VB
O;M;NO;PF;VB
O;M;YES;PF;VB
O;M;NO;PF;VB
O;M;YES;PF;V
O;M;NO;PF;V
O;M;NO;PF;V
O;M;YES;PF;V
O;M;YES;PF;VB
O;M;NO;PF;VB
N;M;NO;IPF;V
O;M;YES;IPF;V
O;N;NO;PF;VB
O;N;YES;PF;VB
N;N;YES;PF;S
O;N;NO;PF;S
O;N;YES;PF;S
N;N;NO;PF;S
N;N;YES;PF;VB
O;N;NO;PF;VB
O;N;YES;PF;V
O;N;NO;PF;V
O;N;YES;PF;S
N;N;NO;PF;S
O;N;YES;IPF;VB
N;N;NO;IPF;VB
O;N;NO;IPF;S
N;N;YES;IPF;S
N;N;NO;IPF;S
O;N;YES;IPF;S
O;N;YES;IPF;VB
N;N;NO;IPF;VB
O;N;YES;PF;V
O;N;NO;PF;V
O;N;YES;PF;VB
O;N;NO;PF;VB
O;N;YES;PF;VB
N;N;NO;PF;VB
O;N;YES;PF;V
N;N;NO;PF;V
O;N;NO;PF;V
O;N;YES;PF;V
O;N;YES;PF;VB
N;N;NO;PF;VB
N;N;NO;IPF;V
O;N;YES;IPF;V
O;O;NO;PF;VB
O;O;YES;PF;VB
O;O;YES;PF;S
O;O;NO;PF;S
O;O;YES;PF;S
O;O;NO;PF;S
O;O;YES;PF;VB
O;O;NO;PF;VB
O;O;YES;PF;V
O;O;NO;PF;V
O;O;YES;PF;S
O;O;NO;PF;S
O;O;YES;IPF;VB
N;O;NO;IPF;VB
O;O;NO;IPF;S
O;O;YES;IPF;S
N;O;NO;IPF;S
O;O;YES;IPF;S
O;O;YES;IPF;VB
O;O;NO;IPF;VB
O;O;YES;PF;V
N;O;NO;PF;V
O;O;YES;PF;VB
O;O;NO;PF;VB
O;O;YES;PF;VB
O;O;NO;PF;VB
O;O;YES;PF;V
O;O;NO;PF;V
O;O;NO;PF;V
O;O;YES;PF;V
O;O;YES;PF;VB
O;O;NO;PF;VB
N;O;NO;IPF;V
O;O;YES;IPF;V
O;P;NO;PF;VB
O;P;YES;PF;VB
O;P;YES;PF;S
O;P;NO;PF;S
O;P;YES;PF;S
N;P;NO;PF;S
O;P;YES;PF;VB
O;P;NO;PF;VB
O;P;YES;PF;V
O;P;NO;PF;V
O;P;YES;PF;S
O;P;NO;PF;S
O;P;YES;IPF;VB
O;P;NO;IPF;VB
O;P;NO;IPF;S
O;P;YES;IPF;S
N;P;NO;IPF;S
O;P;YES;IPF;S
O;P;YES;IPF;VB
O;P;NO;IPF;VB
O;P;YES;PF;V
O;P;NO;PF;V
O;P;YES;PF;VB
O;P;NO;PF;VB
O;P;YES;PF;VB
O;P;NO;PF;VB
O;P;YES;PF;V
O;P;NO;PF;V
O;P;NO;PF;V
O;P;YES;PF;V
O;P;YES;PF;VB
O;P;NO;PF;VB
N;P;NO;IPF;V
O;P;YES;IPF;V
O;Q;NO;PF;VB
O;Q;YES;PF;VB
O;Q;YES;PF;S
O;Q;NO;PF;S
O;Q;YES;PF;S
O;Q;NO;PF;S
O;Q;YES;PF;VB
O;Q;NO;PF;VB
O;Q;YES;PF;V
N;Q;NO;PF;V
N;Q;YES;PF;S
O;Q;NO;PF;S
O;Q;YES;IPF;VB
N;Q;NO;IPF;VB
O;Q;NO;IPF;S
N;Q;YES;IPF;S
N;Q;NO;IPF;S
O;Q;YES;IPF;S
O;Q;YES;IPF;VB
O;Q;NO;IPF;VB
O;Q;YES;PF;V
O;Q;NO;PF;V
O;Q;YES;PF;VB
O;Q;NO;PF;VB
O;Q;YES;PF;VB
N;Q;NO;PF;VB
O;Q;YES;PF;V
O;Q;NO;PF;V
O;Q;NO;PF;V
O;Q;YES;PF;V
O;Q;YES;PF;VB
O;Q;NO;PF;VB
N;Q;NO;IPF;V
O;Q;YES;IPF;V
O;R;NO;PF;VB
O;R;YES;PF;VB
O;R;YES;PF;S
N;R;NO;PF;S
O;R;YES;PF;S
N;R;NO;PF;S
O;R;YES;PF;VB
O;R;NO;PF;VB
N;R;YES;PF;V
O;R;NO;PF;V
O;R;YES;PF;S
O;R;NO;PF;S
O;R;YES;IPF;VB
O;R;NO;IPF;VB
O;R;NO;IPF;S
O;R;YES;IPF;S
O;R;NO;IPF;S
O;R;YES;IPF;S
O;R;YES;IPF;VB
N;R;NO;IPF;VB
O;R;YES;PF;V
O;R;NO;PF;V
N;R;YES;PF;VB
O;R;NO;PF;VB
O;R;YES;PF;VB
N;R;NO;PF;VB
O;R;YES;PF;V
O;R;NO;PF;V
O;R;NO;PF;V
O;R;YES;PF;V
O;R;YES;PF;VB
O;R;NO;PF;VB
O;R;NO;IPF;V
O;R;YES;IPF;V
O;S;NO;PF;VB
O;S;YES;PF;VB
O;S;YES;PF;S
O;S;NO;PF;S
N;S;YES;PF;S
O;S;NO;PF;S
N;S;YES;PF;VB
N;S;NO;PF;VB
O;S;YES;PF;V
N;S;NO;PF;V
N;S;YES;PF;S
O;S;NO;PF;S
O;S;YES;IPF;VB
N;S;NO;IPF;VB
O;S;NO;IPF;S
N;S;YES;IPF;S
N;S;NO;IPF;S
O;S;YES;IPF;S
O;S;YES;IPF;VB
N;S;NO;IPF;VB
O;S;YES;PF;V
N;S;NO;PF;V
N;S;YES;PF;VB
O;S;NO;PF;VB
O;S;YES;PF;VB
N;S;NO;PF;VB
O;S;YES;PF;V
O;S;NO;PF;V
O;S;NO;PF;V
N;S;YES;PF;V
N;S;YES;PF;VB
O;S;NO;PF;VB
N;S;NO;IPF;V
O;S;YES;IPF;V
N;T;NO;PF;VB
O;T;YES;PF;VB
O;T;YES;PF;S
N;T;NO;PF;S
N;T;YES;PF;S
O;T;NO;PF;S
N;T;YES;PF;VB
O;T;NO;PF;VB
O;T;YES;PF;V
O;T;NO;PF;V
N;T;YES;PF;S
O;T;NO;PF;S
O;T;YES;IPF;VB
O;T;NO;IPF;VB
N;T;NO;IPF;S
O;T;YES;IPF;S
N;T;NO;IPF;S
O;T;YES;IPF;S
O;T;YES;IPF;VB
O;T;NO;IPF;VB
O;T;YES;PF;V
O;T;NO;PF;V
N;T;YES;PF;VB
O;T;NO;PF;VB
O;T;YES;PF;VB
N;T;NO;PF;VB
O;T;YES;PF;V
O;T;NO;PF;V
O;T;NO;PF;V
O;T;YES;PF;V
N;T;YES;PF;VB
O;T;NO;PF;VB
N;T;NO;IPF;V
O;T;YES;IPF;V
N;U;NO;PF;VB
O;U;YES;PF;VB
O;U;YES;PF;S
N;U;NO;PF;S
N;U;YES;PF;S
O;U;NO;PF;S
O;U;YES;PF;VB
O;U;NO;PF;VB
O;U;YES;PF;V
O;U;NO;PF;V
O;U;YES;PF;S
N;U;NO;PF;S
O;U;YES;IPF;VB
O;U;NO;IPF;VB
O;U;NO;IPF;S
O;U;YES;IPF;S
N;U;NO;IPF;S
O;U;YES;IPF;S
O;U;YES;IPF;VB
O;U;NO;IPF;VB
O;U;YES;PF;V
O;U;NO;PF;V
O;U;YES;PF;VB
O;U;NO;PF;VB
O;U;YES;PF;VB
N;U;NO;PF;VB
O;U;YES;PF;V
N;U;NO;PF;V
O;U;NO;PF;V
N;U;YES;PF;V
O;U;YES;PF;VB
N;U;NO;PF;VB
N;U;NO;IPF;V
O;U;YES;IPF;V
O;V;NO;PF;VB
O;V;YES;PF;VB
O;V;YES;PF;S
O;V;NO;PF;S
O;V;YES;PF;S
O;V;NO;PF;S
O;V;YES;PF;VB
O;V;NO;PF;VB
O;V;YES;PF;V
O;V;NO;PF;V
O;V;YES;PF;S
O;V;NO;PF;S
O;V;YES;IPF;VB
O;V;NO;IPF;VB
O;V;NO;IPF;S
N;V;YES;IPF;S
O;V;NO;IPF;S
O;V;YES;IPF;S
O;V;YES;IPF;VB
O;V;NO;IPF;VB
O;V;YES;PF;V
O;V;NO;PF;V
O;V;YES;PF;VB
O;V;NO;PF;VB
O;V;YES;PF;VB
O;V;NO;PF;VB
O;V;YES;PF;V
O;V;NO;PF;V
O;V;NO;PF;V
O;V;YES;PF;V
O;V;YES;PF;VB
O;V;NO;PF;VB
O;V;NO;IPF;V
O;V;YES;IPF;V
O;W;NO;PF;VB
O;W;YES;PF;VB
O;W;YES;PF;S
O;W;NO;PF;S
O;W;YES;PF;S
N;W;NO;PF;S
O;W;YES;PF;VB
O;W;NO;PF;VB
O;W;YES;PF;V
O;W;NO;PF;V
O;W;YES;PF;S
O;W;NO;PF;S
O;W;YES;IPF;VB
O;W;NO;IPF;VB
O;W;NO;IPF;S
O;W;YES;IPF;S
O;W;NO;IPF;S
O;W;YES;IPF;S
O;W;YES;IPF;VB
O;W;NO;IPF;VB
O;W;YES;PF;V
O;W;NO;PF;V
O;W;YES;PF;VB
O;W;NO;PF;VB
O;W;YES;PF;VB
O;W;NO;PF;VB
O;W;YES;PF;V
O;W;NO;PF;V
O;W;NO;PF;V
O;W;YES;PF;V
O;W;YES;PF;VB
O;W;NO;PF;VB
N;W;NO;IPF;V
O;W;YES;IPF;V
O;X;NO;PF;VB
O;X;YES;PF;VB
O;X;YES;PF;S
O;X;NO;PF;S
O;X;YES;PF;S
N;X;NO;PF;S
O;X;YES;PF;VB
O;X;NO;PF;VB
O;X;YES;PF;V
O;X;NO;PF;V
O;X;YES;PF;S
O;X;NO;PF;S
O;X;YES;IPF;VB
O;X;NO;IPF;VB
O;X;NO;IPF;S
O;X;YES;IPF;S
N;X;NO;IPF;S
O;X;YES;IPF;S
O;X;YES;IPF;VB
O;X;NO;IPF;VB
O;X;YES;PF;V
O;X;NO;PF;V
O;X;YES;PF;VB
O;X;NO;PF;VB
O;X;YES;PF;VB
O;X;NO;PF;VB
O;X;YES;PF;V
O;X;NO;PF;V
O;X;NO;PF;V
O;X;YES;PF;V
O;X;YES;PF;VB
O;X;NO;PF;VB
N;X;NO;IPF;V
O;X;YES;IPF;V
N;Y;NO;PF;VB
O;Y;YES;PF;VB
O;Y;YES;PF;S
O;Y;NO;PF;S
N;Y;YES;PF;S
O;Y;NO;PF;S
O;Y;YES;PF;VB
O;Y;NO;PF;VB
O;Y;YES;PF;V
O;Y;NO;PF;V
N;Y;YES;PF;S
O;Y;NO;PF;S
O;Y;YES;IPF;VB
N;Y;NO;IPF;VB
O;Y;NO;IPF;S
N;Y;YES;IPF;S
N;Y;NO;IPF;S
O;Y;YES;IPF;S
O;Y;YES;IPF;VB
N;Y;NO;IPF;VB
O;Y;YES;PF;V
O;Y;NO;PF;V
O;Y;YES;PF;VB
O;Y;NO;PF;VB
O;Y;YES;PF;VB
N;Y;NO;PF;VB
O;Y;YES;PF;V
O;Y;NO;PF;V
O;Y;NO;PF;V
N;Y;YES;PF;V
N;Y;YES;PF;VB
O;Y;NO;PF;VB
N;Y;NO;IPF;V
O;Y;YES;IPF;V
O;Z;NO;PF;VB
O;Z;YES;PF;VB
O;Z;YES;PF;S
O;Z;NO;PF;S
O;Z;YES;PF;S
N;Z;NO;PF;S
O;Z;YES;PF;VB
O;Z;NO;PF;VB
O;Z;YES;PF;V
O;Z;NO;PF;V
O;Z;YES;PF;S
O;Z;NO;PF;S
O;Z;YES;IPF;VB
O;Z;NO;IPF;VB
O;Z;NO;IPF;S
O;Z;YES;IPF;S
O;Z;NO;IPF;S
O;Z;YES;IPF;S
O;Z;YES;IPF;VB
O;Z;NO;IPF;VB
O;Z;YES;PF;V
N;Z;NO;PF;V
O;Z;YES;PF;VB
O;Z;NO;PF;VB
O;Z;YES;PF;VB
O;Z;NO;PF;VB
O;Z;YES;PF;V
O;Z;NO;PF;V
O;Z;NO;PF;V
O;Z;YES;PF;V
O;Z;YES;PF;VB
O;Z;NO;PF;VB
N;Z;NO;IPF;V
O;Z;YES;IPF;V
O;AA;NO;PF;VB
O;AA;YES;PF;VB
O;AA;YES;PF;S
O;AA;NO;PF;S
O;AA;YES;PF;S
N;AA;NO;PF;S
O;AA;YES;PF;VB
O;AA;NO;PF;VB
O;AA;YES;PF;V
O;AA;NO;PF;V
O;AA;YES;PF;S
O;AA;NO;PF;S
O;AA;YES;IPF;VB
O;AA;NO;IPF;VB
O;AA;NO;IPF;S
O;AA;YES;IPF;S
O;AA;NO;IPF;S
O;AA;YES;IPF;S
O;AA;YES;IPF;VB
O;AA;NO;IPF;VB
O;AA;YES;PF;V
N;AA;NO;PF;V
O;AA;YES;PF;VB
O;AA;NO;PF;VB
O;AA;YES;PF;VB
O;AA;NO;PF;VB
O;AA;YES;PF;V
O;AA;NO;PF;V
O;AA;NO;PF;V
O;AA;YES;PF;V
O;AA;YES;PF;VB
O;AA;NO;PF;VB
N;AA;NO;IPF;V
O;AA;YES;IPF;V
O;AB;NO;PF;VB
O;AB;YES;PF;VB
O;AB;YES;PF;S
O;AB;NO;PF;S
O;AB;YES;PF;S
N;AB;NO;PF;S
O;AB;YES;PF;VB
O;AB;NO;PF;VB
O;AB;YES;PF;V
O;AB;NO;PF;V
O;AB;YES;PF;S
O;AB;NO;PF;S
O;AB;YES;IPF;VB
O;AB;NO;IPF;VB
O;AB;NO;IPF;S
O;AB;YES;IPF;S
O;AB;NO;IPF;S
O;AB;YES;IPF;S
O;AB;YES;IPF;VB
O;AB;NO;IPF;VB
O;AB;YES;PF;V
O;AB;NO;PF;V
O;AB;YES;PF;VB
O;AB;NO;PF;VB
O;AB;YES;PF;VB
N;AB;NO;PF;VB
O;AB;YES;PF;V
O;AB;NO;PF;V
O;AB;NO;PF;V
O;AB;YES;PF;V
O;AB;YES;PF;VB
O;AB;NO;PF;VB
N;AB;NO;IPF;V
O;AB;YES;IPF;V
O;AC;NO;PF;VB
O;AC;YES;PF;VB
O;AC;YES;PF;S
O;AC;NO;PF;S
O;AC;YES;PF;S
N;AC;NO;PF;S
O;AC;YES;PF;VB
O;AC;NO;PF;VB
O;AC;YES;PF;V
O;AC;NO;PF;V
O;AC;YES;PF;S
O;AC;NO;PF;S
O;AC;YES;IPF;VB
N;AC;NO;IPF;VB
O;AC;NO;IPF;S
O;AC;YES;IPF;S
N;AC;NO;IPF;S
O;AC;YES;IPF;S
O;AC;YES;IPF;VB
N;AC;NO;IPF;VB
O;AC;YES;PF;V
O;AC;NO;PF;V
O;AC;YES;PF;VB
O;AC;NO;PF;VB
O;AC;YES;PF;VB
N;AC;NO;PF;VB
O;AC;YES;PF;V
O;AC;NO;PF;V
O;AC;NO;PF;V
O;AC;YES;PF;V
O;AC;YES;PF;VB
N;AC;NO;PF;VB
N;AC;NO;IPF;V
O;AC;YES;IPF;V
O;AD;NO;PF;VB
O;AD;YES;PF;VB
O;AD;YES;PF;S
O;AD;NO;PF;S
O;AD;YES;PF;S
N;AD;NO;PF;S
O;AD;YES;PF;VB
O;AD;NO;PF;VB
O;AD;YES;PF;V
O;AD;NO;PF;V
O;AD;YES;PF;S
O;AD;NO;PF;S
O;AD;YES;IPF;VB
O;AD;NO;IPF;VB
O;AD;NO;IPF;S
N;AD;YES;IPF;S
O;AD;NO;IPF;S
O;AD;YES;IPF;S
O;AD;YES;IPF;VB
O;AD;NO;IPF;VB
O;AD;YES;PF;V
N;AD;NO;PF;V
O;AD;YES;PF;VB
O;AD;NO;PF;VB
O;AD;YES;PF;VB
O;AD;NO;PF;VB
O;AD;YES;PF;V
O;AD;NO;PF;V
O;AD;NO;PF;V
O;AD;YES;PF;V
O;AD;YES;PF;VB
O;AD;NO;PF;VB
N;AD;NO;IPF;V
O;AD;YES;IPF;V
O;AE;NO;PF;VB
O;AE;YES;PF;VB
O;AE;YES;PF;S
O;AE;NO;PF;S
O;AE;YES;PF;S
N;AE;NO;PF;S
O;AE;YES;PF;VB
O;AE;NO;PF;VB
O;AE;YES;PF;V
O;AE;NO;PF;V
O;AE;YES;PF;S
O;AE;NO;PF;S
O;AE;YES;IPF;VB
N;AE;NO;IPF;VB
O;AE;NO;IPF;S
N;AE;YES;IPF;S
N;AE;NO;IPF;S
O;AE;YES;IPF;S
O;AE;YES;IPF;VB
N;AE;NO;IPF;VB
O;AE;YES;PF;V
O;AE;NO;PF;V
O;AE;YES;PF;VB
O;AE;NO;PF;VB
O;AE;YES;PF;VB
O;AE;NO;PF;VB
O;AE;YES;PF;V
O;AE;NO;PF;V
O;AE;NO;PF;V
O;AE;YES;PF;V
O;AE;YES;PF;VB
O;AE;NO;PF;VB
N;AE;NO;IPF;V
O;AE;YES;IPF;V
O;AF;NO;PF;VB
O;AF;YES;PF;VB
O;AF;YES;PF;S
O;AF;NO;PF;S
O;AF;YES;PF;S
O;AF;NO;PF;S
O;AF;YES;PF;VB
O;AF;NO;PF;VB
O;AF;YES;PF;V
O;AF;NO;PF;V
O;AF;YES;PF;S
O;AF;NO;PF;S
O;AF;YES;IPF;VB
N;AF;NO;IPF;VB
O;AF;NO;IPF;S
N;AF;YES;IPF;S
O;AF;NO;IPF;S
O;AF;YES;IPF;S
O;AF;YES;IPF;VB
O;AF;NO;IPF;VB
O;AF;YES;PF;V
N;AF;NO;PF;V
O;AF;YES;PF;VB
O;AF;NO;PF;VB
O;AF;YES;PF;VB
O;AF;NO;PF;VB
O;AF;YES;PF;V
O;AF;NO;PF;V
O;AF;NO;PF;V
O;AF;YES;PF;V
O;AF;YES;PF;VB
O;AF;NO;PF;VB
O;AF;NO;IPF;V
O;AF;YES;IPF;V
N;AG;NO;PF;VB
O;AG;YES;PF;VB
O;AG;YES;PF;S
N;AG;NO;PF;S
O;AG;YES;PF;S
N;AG;NO;PF;S
N;AG;YES;PF;VB
O;AG;NO;PF;VB
O;AG;YES;PF;V
O;AG;NO;PF;V
N;AG;YES;PF;S
O;AG;NO;PF;S
O;AG;YES;IPF;VB
O;AG;NO;IPF;VB
O;AG;NO;IPF;S
O;AG;YES;IPF;S
N;AG;NO;IPF;S
O;AG;YES;IPF;S
O;AG;YES;IPF;VB
N;AG;NO;IPF;VB
O;AG;YES;PF;V
O;AG;NO;PF;V
N;AG;YES;PF;VB
O;AG;NO;PF;VB
O;AG;YES;PF;VB
N;AG;NO;PF;VB
O;AG;YES;PF;V
O;AG;NO;PF;V
O;AG;NO;PF;V
N;AG;YES;PF;V
N;AG;YES;PF;VB
O;AG;NO;PF;VB
N;AG;NO;IPF;V
O;AG;YES;IPF;V
O;AH;NO;PF;VB
O;AH;YES;PF;VB
O;AH;YES;PF;S
N;AH;NO;PF;S
O;AH;YES;PF;S
N;AH;NO;PF;S
O;AH;YES;PF;VB
O;AH;NO;PF;VB
O;AH;YES;PF;V
O;AH;NO;PF;V
O;AH;YES;PF;S
O;AH;NO;PF;S
O;AH;YES;IPF;VB
O;AH;NO;IPF;VB
O;AH;NO;IPF;S
O;AH;YES;IPF;S
O;AH;NO;IPF;S
O;AH;YES;IPF;S
O;AH;YES;IPF;VB
O;AH;NO;IPF;VB
O;AH;YES;PF;V
N;AH;NO;PF;V
O;AH;YES;PF;VB
O;AH;NO;PF;VB
O;AH;YES;PF;VB
O;AH;NO;PF;VB
O;AH;YES;PF;V
O;AH;NO;PF;V
O;AH;NO;PF;V
N;AH;YES;PF;V
O;AH;YES;PF;VB
N;AH;NO;PF;VB
N;AH;NO;IPF;V
O;AH;YES;IPF;V
N;AI;NO;PF;VB
O;AI;YES;PF;VB
O;AI;YES;PF;S
O;AI;NO;PF;S
O;AI;YES;PF;S
O;AI;NO;PF;S
O;AI;YES;PF;VB
O;AI;NO;PF;VB
O;AI;YES;PF;V
O;AI;NO;PF;V
N;AI;YES;PF;S
O;AI;NO;PF;S
O;AI;YES;IPF;VB
N;AI;NO;IPF;VB
N;AI;NO;IPF;S
O;AI;YES;IPF;S
N;AI;NO;IPF;S
O;AI;YES;IPF;S
O;AI;YES;IPF;VB
O;AI;NO;IPF;VB
O;AI;YES;PF;V
O;AI;NO;PF;V
O;AI;YES;PF;VB
O;AI;NO;PF;VB
O;AI;YES;PF;VB
N;AI;NO;PF;VB
O;AI;YES;PF;V
O;AI;NO;PF;V
O;AI;NO;PF;V
N;AI;YES;PF;V
O;AI;YES;PF;VB
O;AI;NO;PF;VB
N;AI;NO;IPF;V
O;AI;YES;IPF;V
O;AJ;NO;PF;VB
O;AJ;YES;PF;VB
O;AJ;YES;PF;S
O;AJ;NO;PF;S
O;AJ;YES;PF;S
N;AJ;NO;PF;S
O;AJ;YES;PF;VB
O;AJ;NO;PF;VB
O;AJ;YES;PF;V
O;AJ;NO;PF;V
O;AJ;YES;PF;S
O;AJ;NO;PF;S
O;AJ;YES;IPF;VB
O;AJ;NO;IPF;VB
O;AJ;NO;IPF;S
O;AJ;YES;IPF;S
N;AJ;NO;IPF;S
O;AJ;YES;IPF;S
O;AJ;YES;IPF;VB
O;AJ;NO;IPF;VB
O;AJ;YES;PF;V
O;AJ;NO;PF;V
N;AJ;YES;PF;VB
O;AJ;NO;PF;VB
O;AJ;YES;PF;VB
N;AJ;NO;PF;VB
O;AJ;YES;PF;V
O;AJ;NO;PF;V
O;AJ;NO;PF;V
O;AJ;YES;PF;V
O;AJ;YES;PF;VB
O;AJ;NO;PF;VB
O;AJ;NO;IPF;V
O;AJ;YES;IPF;V
O;AK;NO;PF;VB
O;AK;YES;PF;VB
O;AK;YES;PF;S
O;AK;NO;PF;S
O;AK;YES;PF;S
N;AK;NO;PF;S
O;AK;YES;PF;VB
O;AK;NO;PF;VB
O;AK;YES;PF;V
O;AK;NO;PF;V
O;AK;YES;PF;S
O;AK;NO;PF;S
O;AK;YES;IPF;VB
O;AK;NO;IPF;VB
O;AK;NO;IPF;S
N;AK;YES;IPF;S
O;AK;NO;IPF;S
O;AK;YES;IPF;S
O;AK;YES;IPF;VB
N;AK;NO;IPF;VB
O;AK;YES;PF;V
O;AK;NO;PF;V
O;AK;YES;PF;VB
O;AK;NO;PF;VB
O;AK;YES;PF;VB
O;AK;NO;PF;VB
O;AK;YES;PF;V
O;AK;NO;PF;V
O;AK;NO;PF;V
O;AK;YES;PF;V
O;AK;YES;PF;VB
O;AK;NO;PF;VB
O;AK;NO;IPF;V
O;AK;YES;IPF;V
O;AL;NO;PF;VB
O;AL;YES;PF;VB
O;AL;YES;PF;S
O;AL;NO;PF;S
O;AL;YES;PF;S
N;AL;NO;PF;S
O;AL;YES;PF;VB
O;AL;NO;PF;VB
O;AL;YES;PF;V
O;AL;NO;PF;V
O;AL;YES;PF;S
O;AL;NO;PF;S
O;AL;YES;IPF;VB
O;AL;NO;IPF;VB
O;AL;NO;IPF;S
O;AL;YES;IPF;S
N;AL;NO;IPF;S
O;AL;YES;IPF;S
O;AL;YES;IPF;VB
N;AL;NO;IPF;VB
O;AL;YES;PF;V
O;AL;NO;PF;V
O;AL;YES;PF;VB
O;AL;NO;PF;VB
O;AL;YES;PF;VB
O;AL;NO;PF;VB
O;AL;YES;PF;V
O;AL;NO;PF;V
O;AL;NO;PF;V
O;AL;YES;PF;V
O;AL;YES;PF;VB
O;AL;NO;PF;VB
N;AL;NO;IPF;V
O;AL;YES;IPF;V
O;AM;NO;PF;VB
O;AM;YES;PF;VB
O;AM;YES;PF;S
O;AM;NO;PF;S
O;AM;YES;PF;S
N;AM;NO;PF;S
N;AM;YES;PF;VB
O;AM;NO;PF;VB
O;AM;YES;PF;V
O;AM;NO;PF;V
O;AM;YES;PF;S
O;AM;NO;PF;S
O;AM;YES;IPF;VB
N;AM;NO;IPF;VB
O;AM;NO;IPF;S
N;AM;YES;IPF;S
N;AM;NO;IPF;S
O;AM;YES;IPF;S
O;AM;YES;IPF;VB
N;AM;NO;IPF;VB
O;AM;YES;PF;V
O;AM;NO;PF;V
O;AM;YES;PF;VB
O;AM;NO;PF;VB
O;AM;YES;PF;VB
O;AM;NO;PF;VB
O;AM;YES;PF;V
O;AM;NO;PF;V
O;AM;NO;PF;V
N;AM;YES;PF;V
O;AM;YES;PF;VB
N;AM;NO;PF;VB
N;AM;NO;IPF;V
O;AM;YES;IPF;V
O;AN;NO;PF;VB
O;AN;YES;PF;VB
O;AN;YES;PF;S
N;AN;NO;PF;S
O;AN;YES;PF;S
N;AN;NO;PF;S
O;AN;YES;PF;VB
O;AN;NO;PF;VB
O;AN;YES;PF;V
O;AN;NO;PF;V
O;AN;YES;PF;S
O;AN;NO;PF;S
O;AN;YES;IPF;VB
N;AN;NO;IPF;VB
O;AN;NO;IPF;S
O;AN;YES;IPF;S
N;AN;NO;IPF;S
O;AN;YES;IPF;S
O;AN;YES;IPF;VB
N;AN;NO;IPF;VB
O;AN;YES;PF;V
O;AN;NO;PF;V
O;AN;YES;PF;VB
O;AN;NO;PF;VB
O;AN;YES;PF;VB
N;AN;NO;PF;VB
O;AN;YES;PF;V
O;AN;NO;PF;V
O;AN;NO;PF;V
O;AN;YES;PF;V
O;AN;YES;PF;VB
N;AN;NO;PF;VB
N;AN;NO;IPF;V
O;AN;YES;IPF;V
O;AO;NO;PF;VB
O;AO;YES;PF;VB
O;AO;YES;PF;S
O;AO;NO;PF;S
O;AO;YES;PF;S
N;AO;NO;PF;S
O;AO;YES;PF;VB
O;AO;NO;PF;VB
O;AO;YES;PF;V
O;AO;NO;PF;V
O;AO;YES;PF;S
O;AO;NO;PF;S
O;AO;YES;IPF;VB
O;AO;NO;IPF;VB
N;AO;NO;IPF;S
O;AO;YES;IPF;S
O;AO;NO;IPF;S
N;AO;YES;IPF;S
O;AO;YES;IPF;VB
O;AO;NO;IPF;VB
O;AO;YES;PF;V
O;AO;NO;PF;V
O;AO;YES;PF;VB
O;AO;NO;PF;VB
O;AO;YES;PF;VB
N;AO;NO;PF;VB
O;AO;YES;PF;V
O;AO;NO;PF;V
O;AO;NO;PF;V
O;AO;YES;PF;V
O;AO;YES;PF;VB
O;AO;NO;PF;VB
O;AO;NO;IPF;V
O;AO;YES;IPF;V
O;AP;NO;PF;VB
O;AP;YES;PF;VB
O;AP;YES;PF;S
O;AP;NO;PF;S
O;AP;YES;PF;S
O;AP;NO;PF;S
O;AP;YES;PF;VB
O;AP;NO;PF;VB
O;AP;YES;PF;V
O;AP;NO;PF;V
O;AP;YES;PF;S
O;AP;NO;PF;S
O;AP;YES;IPF;VB
O;AP;NO;IPF;VB
O;AP;NO;IPF;S
O;AP;YES;IPF;S
O;AP;NO;IPF;S
O;AP;YES;IPF;S
O;AP;YES;IPF;VB
O;AP;NO;IPF;VB
O;AP;YES;PF;V
O;AP;NO;PF;V
O;AP;YES;PF;VB
O;AP;NO;PF;VB
O;AP;YES;PF;VB
O;AP;NO;PF;VB
O;AP;YES;PF;V
O;AP;NO;PF;V
O;AP;NO;PF;V
O;AP;YES;PF;V
O;AP;YES;PF;VB
O;AP;NO;PF;VB
O;AP;NO;IPF;V
O;AP;YES;IPF;V
O;AQ;NO;PF;VB
O;AQ;YES;PF;VB
O;AQ;YES;PF;S
N;AQ;NO;PF;S
O;AQ;YES;PF;S
N;AQ;NO;PF;S
O;AQ;YES;PF;VB
O;AQ;NO;PF;VB
O;AQ;YES;PF;V
N;AQ;NO;PF;V
O;AQ;YES;PF;S
O;AQ;NO;PF;S
O;AQ;YES;IPF;VB
N;AQ;NO;IPF;VB
O;AQ;NO;IPF;S
N;AQ;YES;IPF;S
N;AQ;NO;IPF;S
O;AQ;YES;IPF;S
O;AQ;YES;IPF;VB
N;AQ;NO;IPF;VB
O;AQ;YES;PF;V
N;AQ;NO;PF;V
O;AQ;YES;PF;VB
O;AQ;NO;PF;VB
O;AQ;YES;PF;VB
O;AQ;NO;PF;VB
O;AQ;YES;PF;V
O;AQ;NO;PF;V
O;AQ;NO;PF;V
N;AQ;YES;PF;V
O;AQ;YES;PF;VB
O;AQ;NO;PF;VB
N;AQ;NO;IPF;V
O;AQ;YES;IPF;V
O;AR;NO;PF;VB
O;AR;YES;PF;VB
O;AR;YES;PF;S
O;AR;NO;PF;S
O;AR;YES;PF;S
N;AR;NO;PF;S
O;AR;YES;PF;VB
O;AR;NO;PF;VB
O;AR;YES;PF;V
O;AR;NO;PF;V
O;AR;YES;PF;S
O;AR;NO;PF;S
O;AR;YES;IPF;VB
O;AR;NO;IPF;VB
O;AR;NO;IPF;S
O;AR;YES;IPF;S
N;AR;NO;IPF;S
O;AR;YES;IPF;S
O;AR;YES;IPF;VB
O;AR;NO;IPF;VB
O;AR;YES;PF;V
N;AR;NO;PF;V
O;AR;YES;PF;VB
O;AR;NO;PF;VB
O;AR;YES;PF;VB
N;AR;NO;PF;VB
O;AR;YES;PF;V
O;AR;NO;PF;V
O;AR;NO;PF;V
O;AR;YES;PF;V
O;AR;YES;PF;VB
O;AR;NO;PF;VB
N;AR;NO;IPF;V
O;AR;YES;IPF;V
O;AS;NO;PF;VB
O;AS;YES;PF;VB
O;AS;YES;PF;S
N;AS;NO;PF;S
O;AS;YES;PF;S
N;AS;NO;PF;S
O;AS;YES;PF;VB
O;AS;NO;PF;VB
O;AS;YES;PF;V
O;AS;NO;PF;V
O;AS;YES;PF;S
O;AS;NO;PF;S
O;AS;YES;IPF;VB
N;AS;NO;IPF;VB
O;AS;NO;IPF;S
N;AS;YES;IPF;S
N;AS;NO;IPF;S
O;AS;YES;IPF;S
O;AS;YES;IPF;VB
N;AS;NO;IPF;VB
O;AS;YES;PF;V
O;AS;NO;PF;V
N;AS;YES;PF;VB
O;AS;NO;PF;VB
O;AS;YES;PF;VB
N;AS;NO;PF;VB
O;AS;YES;PF;V
O;AS;NO;PF;V
O;AS;NO;PF;V
N;AS;YES;PF;V
N;AS;YES;PF;VB
O;AS;NO;PF;VB
N;AS;NO;IPF;V
O;AS;YES;IPF;V
O;AT;NO;PF;VB
O;AT;YES;PF;VB
O;AT;YES;PF;S
N;AT;NO;PF;S
O;AT;YES;PF;S
N;AT;NO;PF;S
O;AT;YES;PF;VB
O;AT;NO;PF;VB
O;AT;YES;PF;V
O;AT;NO;PF;V
O;AT;YES;PF;S
O;AT;NO;PF;S
O;AT;YES;IPF;VB
N;AT;NO;IPF;VB
O;AT;NO;IPF;S
O;AT;YES;IPF;S
N;AT;NO;IPF;S
O;AT;YES;IPF;S
O;AT;YES;IPF;VB
N;AT;NO;IPF;VB
O;AT;YES;PF;V
O;AT;NO;PF;V
O;AT;YES;PF;VB
O;AT;NO;PF;VB
O;AT;YES;PF;VB
O;AT;NO;PF;VB
O;AT;YES;PF;V
O;AT;NO;PF;V
O;AT;NO;PF;V
O;AT;YES;PF;V
O;AT;YES;PF;VB
N;AT;NO;PF;VB
N;AT;NO;IPF;V
O;AT;YES;IPF;V
O;AU;NO;PF;VB
O;AU;YES;PF;VB
O;AU;YES;PF;S
O;AU;NO;PF;S
O;AU;YES;PF;S
N;AU;NO;PF;S
O;AU;YES;PF;VB
O;AU;NO;PF;VB
O;AU;YES;PF;V
O;AU;NO;PF;V
O;AU;YES;PF;S
O;AU;NO;PF;S
O;AU;YES;IPF;VB
O;AU;NO;IPF;VB
O;AU;NO;IPF;S
O;AU;YES;IPF;S
O;AU;NO;IPF;S
N;AU;YES;IPF;S
O;AU;YES;IPF;VB
O;AU;NO;IPF;VB
O;AU;YES;PF;V
O;AU;NO;PF;V
O;AU;YES;PF;VB
O;AU;NO;PF;VB
O;AU;YES;PF;VB
O;AU;NO;PF;VB
O;AU;YES;PF;V
O;AU;NO;PF;V
O;AU;NO;PF;V
O;AU;YES;PF;V
O;AU;YES;PF;VB
O;AU;NO;PF;VB
N;AU;NO;IPF;V
O;AU;YES;IPF;V
O;AV;NO;PF;VB
O;AV;YES;PF;VB
O;AV;YES;PF;S
O;AV;NO;PF;S
O;AV;YES;PF;S
N;AV;NO;PF;S
O;AV;YES;PF;VB
O;AV;NO;PF;VB
O;AV;YES;PF;V
O;AV;NO;PF;V
O;AV;YES;PF;S
O;AV;NO;PF;S
O;AV;YES;IPF;VB
O;AV;NO;IPF;VB
O;AV;NO;IPF;S
N;AV;YES;IPF;S
O;AV;NO;IPF;S
O;AV;YES;IPF;S
O;AV;YES;IPF;VB
N;AV;NO;IPF;VB
O;AV;YES;PF;V
O;AV;NO;PF;V
O;AV;YES;PF;VB
O;AV;NO;PF;VB
O;AV;YES;PF;VB
O;AV;NO;PF;VB
O;AV;YES;PF;V
O;AV;NO;PF;V
O;AV;NO;PF;V
O;AV;YES;PF;V
O;AV;YES;PF;VB
O;AV;NO;PF;VB
N;AV;NO;IPF;V
O;AV;YES;IPF;V
O;AW;NO;PF;VB
O;AW;YES;PF;VB
O;AW;YES;PF;S
O;AW;NO;PF;S
O;AW;YES;PF;S
O;AW;NO;PF;S
O;AW;YES;PF;VB
O;AW;NO;PF;VB
O;AW;YES;PF;V
N;AW;NO;PF;V
O;AW;YES;PF;S
O;AW;NO;PF;S
O;AW;YES;IPF;VB
O;AW;NO;IPF;VB
O;AW;NO;IPF;S
O;AW;YES;IPF;S
O;AW;NO;IPF;S
O;AW;YES;IPF;S
O;AW;YES;IPF;VB
O;AW;NO;IPF;VB
O;AW;YES;PF;V
O;AW;NO;PF;V
O;AW;YES;PF;VB
O;AW;NO;PF;VB
O;AW;YES;PF;VB
O;AW;NO;PF;VB
O;AW;YES;PF;V
O;AW;NO;PF;V
O;AW;NO;PF;V
O;AW;YES;PF;V
O;AW;YES;PF;VB
O;AW;NO;PF;VB
N;AW;NO;IPF;V
O;AW;YES;IPF;V
O;AX;NO;PF;VB
O;AX;YES;PF;VB
O;AX;YES;PF;S
O;AX;NO;PF;S
O;AX;YES;PF;S
O;AX;NO;PF;S
O;AX;YES;PF;VB
O;AX;NO;PF;VB
O;AX;YES;PF;V
O;AX;NO;PF;V
O;AX;YES;PF;S
O;AX;NO;PF;S
O;AX;YES;IPF;VB
O;AX;NO;IPF;VB
O;AX;NO;IPF;S
O;AX;YES;IPF;S
O;AX;NO;IPF;S
O;AX;YES;IPF;S
O;AX;YES;IPF;VB
N;AX;NO;IPF;VB
O;AX;YES;PF;V
O;AX;NO;PF;V
O;AX;YES;PF;VB
O;AX;NO;PF;VB
O;AX;YES;PF;VB
N;AX;NO;PF;VB
O;AX;YES;PF;V
O;AX;NO;PF;V
O;AX;NO;PF;V
O;AX;YES;PF;V
O;AX;YES;PF;VB
O;AX;NO;PF;VB
N;AX;NO;IPF;V
O;AX;YES;IPF;V
O;AY;NO;PF;VB
O;AY;YES;PF;VB
O;AY;YES;PF;S
O;AY;NO;PF;S
O;AY;YES;PF;S
N;AY;NO;PF;S
O;AY;YES;PF;VB
O;AY;NO;PF;VB
O;AY;YES;PF;V
O;AY;NO;PF;V
O;AY;YES;PF;S
O;AY;NO;PF;S
O;AY;YES;IPF;VB
O;AY;NO;IPF;VB
O;AY;NO;IPF;S
O;AY;YES;IPF;S
O;AY;NO;IPF;S
O;AY;YES;IPF;S
O;AY;YES;IPF;VB
O;AY;NO;IPF;VB
O;AY;YES;PF;V
O;AY;NO;PF;V
O;AY;YES;PF;VB
O;AY;NO;PF;VB
O;AY;YES;PF;VB
O;AY;NO;PF;VB
O;AY;YES;PF;V
O;AY;NO;PF;V
O;AY;NO;PF;V
O;AY;YES;PF;V
O;AY;YES;PF;VB
O;AY;NO;PF;VB
O;AY;NO;IPF;V
O;AY;YES;IPF;V
O;AZ;NO;PF;VB
O;AZ;YES;PF;VB
O;AZ;YES;PF;S
N;AZ;NO;PF;S
O;AZ;YES;PF;S
N;AZ;NO;PF;S
O;AZ;YES;PF;VB
O;AZ;NO;PF;VB
O;AZ;YES;PF;V
O;AZ;NO;PF;V
O;AZ;YES;PF;S
O;AZ;NO;PF;S
O;AZ;YES;IPF;VB
N;AZ;NO;IPF;VB
O;AZ;NO;IPF;S
N;AZ;YES;IPF;S
N;AZ;NO;IPF;S
O;AZ;YES;IPF;S
O;AZ;YES;IPF;VB
N;AZ;NO;IPF;VB
O;AZ;YES;PF;V
N;AZ;NO;PF;V
O;AZ;YES;PF;VB
O;AZ;NO;PF;VB
O;AZ;YES;PF;VB
O;AZ;NO;PF;VB
O;AZ;YES;PF;V
O;AZ;NO;PF;V
O;AZ;NO;PF;V
O;AZ;YES;PF;V
O;AZ;YES;PF;VB
O;AZ;NO;PF;VB
N;AZ;NO;IPF;V
O;AZ;YES;IPF;V
O;BA;NO;PF;VB
O;BA;YES;PF;VB
O;BA;YES;PF;S
N;BA;NO;PF;S
O;BA;YES;PF;S
N;BA;NO;PF;S
O;BA;YES;PF;VB
O;BA;NO;PF;VB
O;BA;YES;PF;V
O;BA;NO;PF;V
O;BA;YES;PF;S
O;BA;NO;PF;S
O;BA;YES;IPF;VB
O;BA;NO;IPF;VB
O;BA;NO;IPF;S
N;BA;YES;IPF;S
N;BA;NO;IPF;S
O;BA;YES;IPF;S
O;BA;YES;IPF;VB
N;BA;NO;IPF;VB
O;BA;YES;PF;V
O;BA;NO;PF;V
O;BA;YES;PF;VB
O;BA;NO;PF;VB
O;BA;YES;PF;VB
N;BA;NO;PF;VB
O;BA;YES;PF;V
O;BA;NO;PF;V
O;BA;NO;PF;V
O;BA;YES;PF;V
N;BA;YES;PF;VB
O;BA;NO;PF;VB
N;BA;NO;IPF;V
O;BA;YES;IPF;V
O;BB;NO;PF;VB
O;BB;YES;PF;VB
O;BB;YES;PF;S
O;BB;NO;PF;S
O;BB;YES;PF;S
N;BB;NO;PF;S
O;BB;YES;PF;VB
O;BB;NO;PF;VB
O;BB;YES;PF;V
O;BB;NO;PF;V
O;BB;YES;PF;S
O;BB;NO;PF;S
O;BB;YES;IPF;VB
O;BB;NO;IPF;VB
O;BB;NO;IPF;S
O;BB;YES;IPF;S
O;BB;NO;IPF;S
O;BB;YES;IPF;S
O;BB;YES;IPF;VB
N;BB;NO;IPF;VB
O;BB;YES;PF;V
O;BB;NO;PF;V
O;BB;YES;PF;VB
O;BB;NO;PF;VB
O;BB;YES;PF;VB
O;BB;NO;PF;VB
O;BB;YES;PF;V
O;BB;NO;PF;V
O;BB;NO;PF;V
O;BB;YES;PF;V
O;BB;YES;PF;VB
O;BB;NO;PF;VB
N;BB;NO;IPF;V
O;BB;YES;IPF;V
O;BC;NO;PF;VB
O;BC;YES;PF;VB
O;BC;YES;PF;S
N;BC;NO;PF;S
O;BC;YES;PF;S
N;BC;NO;PF;S
O;BC;YES;PF;VB
O;BC;NO;PF;VB
O;BC;YES;PF;V
O;BC;NO;PF;V
O;BC;YES;PF;S
O;BC;NO;PF;S
O;BC;YES;IPF;VB
N;BC;NO;IPF;VB
O;BC;NO;IPF;S
N;BC;YES;IPF;S
N;BC;NO;IPF;S
O;BC;YES;IPF;S
O;BC;YES;IPF;VB
N;BC;NO;IPF;VB
O;BC;YES;PF;V
N;BC;NO;PF;V
O;BC;YES;PF;VB
N;BC;NO;PF;VB
O;BC;YES;PF;VB
O;BC;NO;PF;VB
O;BC;YES;PF;V
O;BC;NO;PF;V
O;BC;NO;PF;V
O;BC;YES;PF;V
O;BC;YES;PF;VB
O;BC;NO;PF;VB
N;BC;NO;IPF;V
O;BC;YES;IPF;V
O;BD;NO;PF;VB
O;BD;YES;PF;VB
O;BD;YES;PF;S
O;BD;NO;PF;S
N;BD;YES;PF;S
O;BD;NO;PF;S
O;BD;YES;PF;VB
O;BD;NO;PF;VB
O;BD;YES;PF;V
O;BD;NO;PF;V
O;BD;YES;PF;S
O;BD;NO;PF;S
O;BD;YES;IPF;VB
N;BD;NO;IPF;VB
O;BD;NO;IPF;S
N;BD;YES;IPF;S
N;BD;NO;IPF;S
O;BD;YES;IPF;S
O;BD;YES;IPF;VB
O;BD;NO;IPF;VB
O;BD;YES;PF;V
O;BD;NO;PF;V
O;BD;YES;PF;VB
O;BD;NO;PF;VB
O;BD;YES;PF;VB
O;BD;NO;PF;VB
O;BD;YES;PF;V
O;BD;NO;PF;V
N;BD;NO;PF;V
O;BD;YES;PF;V
O;BD;YES;PF;VB
O;BD;NO;PF;VB
N;BD;NO;IPF;V
O;BD;YES;IPF;V
O;BE;NO;PF;VB
O;BE;YES;PF;VB
O;BE;YES;PF;S
O;BE;NO;PF;S
O;BE;YES;PF;S
N;BE;NO;PF;S
O;BE;YES;PF;VB
O;BE;NO;PF;VB
O;BE;YES;PF;V
O;BE;NO;PF;V
O;BE;YES;PF;S
O;BE;NO;PF;S
O;BE;YES;IPF;VB
N;BE;NO;IPF;VB
O;BE;NO;IPF;S
O;BE;YES;IPF;S
O;BE;NO;IPF;S
O;BE;YES;IPF;S
O;BE;YES;IPF;VB
N;BE;NO;IPF;VB
O;BE;YES;PF;V
N;BE;NO;PF;V
O;BE;YES;PF;VB
O;BE;NO;PF;VB
O;BE;YES;PF;VB
N;BE;NO;PF;VB
O;BE;YES;PF;V
O;BE;NO;PF;V
O;BE;NO;PF;V
O;BE;YES;PF;V
O;BE;YES;PF;VB
O;BE;NO;PF;VB
N;BE;NO;IPF;V
O;BE;YES;IPF;V
O;BF;NO;PF;VB
O;BF;YES;PF;VB
O;BF;YES;PF;S
O;BF;NO;PF;S
O;BF;YES;PF;S
O;BF;NO;PF;S
O;BF;YES;PF;VB
O;BF;NO;PF;VB
O;BF;YES;PF;V
O;BF;NO;PF;V
O;BF;YES;PF;S
O;BF;NO;PF;S
O;BF;YES;IPF;VB
O;BF;NO;IPF;VB
O;BF;NO;IPF;S
N;BF;YES;IPF;S
N;BF;NO;IPF;S
O;BF;YES;IPF;S
O;BF;YES;IPF;VB
N;BF;NO;IPF;VB
O;BF;YES;PF;V
O;BF;NO;PF;V
O;BF;YES;PF;VB
O;BF;NO;PF;VB
O;BF;YES;PF;VB
N;BF;NO;PF;VB
O;BF;YES;PF;V
O;BF;NO;PF;V
O;BF;NO;PF;V
O;BF;YES;PF;V
O;BF;YES;PF;VB
O;BF;NO;PF;VB
N;BF;NO;IPF;V
O;BF;YES;IPF;V
O;BG;NO;PF;VB
O;BG;YES;PF;VB
O;BG;YES;PF;S
O;BG;NO;PF;S
O;BG;YES;PF;S
O;BG;NO;PF;S
O;BG;YES;PF;VB
O;BG;NO;PF;VB
O;BG;YES;PF;V
O;BG;NO;PF;V
O;BG;YES;PF;S
O;BG;NO;PF;S
O;BG;YES;IPF;VB
O;BG;NO;IPF;VB
O;BG;NO;IPF;S
O;BG;YES;IPF;S
N;BG;NO;IPF;S
O;BG;YES;IPF;S
O;BG;YES;IPF;VB
O;BG;NO;IPF;VB
O;BG;YES;PF;V
O;BG;NO;PF;V
O;BG;YES;PF;VB
O;BG;NO;PF;VB
O;BG;YES;PF;VB
O;BG;NO;PF;VB
O;BG;YES;PF;V
O;BG;NO;PF;V
O;BG;NO;PF;V
O;BG;YES;PF;V
O;BG;YES;PF;VB
O;BG;NO;PF;VB
N;BG;NO;IPF;V
O;BG;YES;IPF;V
O;BH;NO;PF;VB
O;BH;YES;PF;VB
O;BH;YES;PF;S
O;BH;NO;PF;S
O;BH;YES;PF;S
N;BH;NO;PF;S
O;BH;YES;PF;VB
O;BH;NO;PF;VB
O;BH;YES;PF;V
O;BH;NO;PF;V
O;BH;YES;PF;S
O;BH;NO;PF;S
O;BH;YES;IPF;VB
O;BH;NO;IPF;VB
O;BH;NO;IPF;S
N;BH;YES;IPF;S
N;BH;NO;IPF;S
O;BH;YES;IPF;S
O;BH;YES;IPF;VB
N;BH;NO;IPF;VB
O;BH;YES;PF;V
O;BH;NO;PF;V
O;BH;YES;PF;VB
O;BH;NO;PF;VB
O;BH;YES;PF;VB
O;BH;NO;PF;VB
O;BH;YES;PF;V
O;BH;NO;PF;V
O;BH;NO;PF;V
O;BH;YES;PF;V
O;BH;YES;PF;VB
O;BH;NO;PF;VB
N;BH;NO;IPF;V
O;BH;YES;IPF;V
O;BI;NO;PF;VB
O;BI;YES;PF;VB
O;BI;YES;PF;S
O;BI;NO;PF;S
O;BI;YES;PF;S
N;BI;NO;PF;S
N;BI;YES;PF;VB
O;BI;NO;PF;VB
O;BI;YES;PF;V
O;BI;NO;PF;V
N;BI;YES;PF;S
O;BI;NO;PF;S
O;BI;YES;IPF;VB
O;BI;NO;IPF;VB
O;BI;NO;IPF;S
O;BI;YES;IPF;S
N;BI;NO;IPF;S
O;BI;YES;IPF;S
O;BI;YES;IPF;VB
O;BI;NO;IPF;VB
O;BI;YES;PF;V
N;BI;NO;PF;V
O;BI;YES;PF;VB
O;BI;NO;PF;VB
O;BI;YES;PF;VB
N;BI;NO;PF;VB
O;BI;YES;PF;V
O;BI;NO;PF;V
O;BI;NO;PF;V
N;BI;YES;PF;V
O;BI;YES;PF;VB
N;BI;NO;PF;VB
N;BI;NO;IPF;V
O;BI;YES;IPF;V
N;BJ;NO;PF;VB
O;BJ;YES;PF;VB
O;BJ;YES;PF;S
O;BJ;NO;PF;S
O;BJ;YES;PF;S
N;BJ;NO;PF;S
O;BJ;YES;PF;VB
O;BJ;NO;PF;VB
O;BJ;YES;PF;V
O;BJ;NO;PF;V
O;BJ;YES;PF;S
O;BJ;NO;PF;S
O;BJ;YES;IPF;VB
O;BJ;NO;IPF;VB
O;BJ;NO;IPF;S
N;BJ;YES;IPF;S
N;BJ;NO;IPF;S
O;BJ;YES;IPF;S
O;BJ;YES;IPF;VB
N;BJ;NO;IPF;VB
O;BJ;YES;PF;V
O;BJ;NO;PF;V
O;BJ;YES;PF;VB
O;BJ;NO;PF;VB
O;BJ;YES;PF;VB
O;BJ;NO;PF;VB
O;BJ;YES;PF;V
N;BJ;NO;PF;V
O;BJ;NO;PF;V
O;BJ;YES;PF;V
O;BJ;YES;PF;VB
O;BJ;NO;PF;VB
N;BJ;NO;IPF;V
O;BJ;YES;IPF;V
O;BK;NO;PF;VB
O;BK;YES;PF;VB
O;BK;YES;PF;S
O;BK;NO;PF;S
O;BK;YES;PF;S
O;BK;NO;PF;S
O;BK;YES;PF;VB
O;BK;NO;PF;VB
O;BK;YES;PF;V
O;BK;NO;PF;V
O;BK;YES;PF;S
O;BK;NO;PF;S
O;BK;YES;IPF;VB
O;BK;NO;IPF;VB
O;BK;NO;IPF;S
O;BK;YES;IPF;S
O;BK;NO;IPF;S
O;BK;YES;IPF;S
O;BK;YES;IPF;VB
O;BK;NO;IPF;VB
O;BK;YES;PF;V
N;BK;NO;PF;V
O;BK;YES;PF;VB
O;BK;NO;PF;VB
O;BK;YES;PF;VB
O;BK;NO;PF;VB
O;BK;YES;PF;V
O;BK;NO;PF;V
O;BK;NO;PF;V
O;BK;YES;PF;V
O;BK;YES;PF;VB
O;BK;NO;PF;VB
O;BK;NO;IPF;V
O;BK;YES;IPF;V
O;BL;NO;PF;VB
O;BL;YES;PF;VB
O;BL;YES;PF;S
O;BL;NO;PF;S
O;BL;YES;PF;S
O;BL;NO;PF;S
O;BL;YES;PF;VB
O;BL;NO;PF;VB
O;BL;YES;PF;V
O;BL;NO;PF;V
O;BL;YES;PF;S
O;BL;NO;PF;S
O;BL;YES;IPF;VB
O;BL;NO;IPF;VB
N;BL;NO;IPF;S
O;BL;YES;IPF;S
O;BL;NO;IPF;S
O;BL;YES;IPF;S
O;BL;YES;IPF;VB
N;BL;NO;IPF;VB
O;BL;YES;PF;V
N;BL;NO;PF;V
O;BL;YES;PF;VB
O;BL;NO;PF;VB
O;BL;YES;PF;VB
O;BL;NO;PF;VB
O;BL;YES;PF;V
O;BL;NO;PF;V
O;BL;NO;PF;V
O;BL;YES;PF;V
O;BL;YES;PF;VB
O;BL;NO;PF;VB
O;BL;NO;IPF;V
O;BL;YES;IPF;V
O;BM;NO;PF;VB
O;BM;YES;PF;VB
O;BM;YES;PF;S
N;BM;NO;PF;S
O;BM;YES;PF;S
N;BM;NO;PF;S
O;BM;YES;PF;VB
O;BM;NO;PF;VB
O;BM;YES;PF;V
O;BM;NO;PF;V
N;BM;YES;PF;S
O;BM;NO;PF;S
O;BM;YES;IPF;VB
N;BM;NO;IPF;VB
O;BM;NO;IPF;S
O;BM;YES;IPF;S
N;BM;NO;IPF;S
O;BM;YES;IPF;S
O;BM;YES;IPF;VB
N;BM;NO;IPF;VB
O;BM;YES;PF;V
N;BM;NO;PF;V
O;BM;YES;PF;VB
O;BM;NO;PF;VB
O;BM;YES;PF;VB
O;BM;NO;PF;VB
O;BM;YES;PF;V
O;BM;NO;PF;V
O;BM;NO;PF;V
O;BM;YES;PF;V
O;BM;YES;PF;VB
O;BM;NO;PF;VB
N;BM;NO;IPF;V
O;BM;YES;IPF;V
O;BN;NO;PF;VB
O;BN;YES;PF;VB
O;BN;YES;PF;S
O;BN;NO;PF;S
O;BN;YES;PF;S
O;BN;NO;PF;S
O;BN;YES;PF;VB
O;BN;NO;PF;VB
O;BN;YES;PF;V
O;BN;NO;PF;V
O;BN;YES;PF;S
O;BN;NO;PF;S
O;BN;YES;IPF;VB
N;BN;NO;IPF;VB
O;BN;NO;IPF;S
N;BN;YES;IPF;S
N;BN;NO;IPF;S
O;BN;YES;IPF;S
O;BN;YES;IPF;VB
N;BN;NO;IPF;VB
O;BN;YES;PF;V
O;BN;NO;PF;V
O;BN;YES;PF;VB
O;BN;NO;PF;VB
O;BN;YES;PF;VB
O;BN;NO;PF;VB
O;BN;YES;PF;V
O;BN;NO;PF;V
O;BN;NO;PF;V
O;BN;YES;PF;V
N;BN;YES;PF;VB
O;BN;NO;PF;VB
N;BN;NO;IPF;V
O;BN;YES;IPF;V
O;BO;NO;PF;VB
O;BO;YES;PF;VB
O;BO;YES;PF;S
O;BO;NO;PF;S
O;BO;YES;PF;S
N;BO;NO;PF;S
O;BO;YES;PF;VB
O;BO;NO;PF;VB
O;BO;YES;PF;V
O;BO;NO;PF;V
O;BO;YES;PF;S
O;BO;NO;PF;S
O;BO;YES;IPF;VB
N;BO;NO;IPF;VB
O;BO;NO;IPF;S
N;BO;YES;IPF;S
N;BO;NO;IPF;S
O;BO;YES;IPF;S
O;BO;YES;IPF;VB
O;BO;NO;IPF;VB
O;BO;YES;PF;V
O;BO;NO;PF;V
O;BO;YES;PF;VB
O;BO;NO;PF;VB
O;BO;YES;PF;VB
O;BO;NO;PF;VB
O;BO;YES;PF;V
O;BO;NO;PF;V
O;BO;NO;PF;V
N;BO;YES;PF;V
N;BO;YES;PF;VB
O;BO;NO;PF;VB
N;BO;NO;IPF;V
O;BO;YES;IPF;V
O;BP;NO;PF;VB
O;BP;YES;PF;VB
O;BP;YES;PF;S
O;BP;NO;PF;S
O;BP;YES;PF;S
O;BP;NO;PF;S
O;BP;YES;PF;VB
O;BP;NO;PF;VB
O;BP;YES;PF;V
O;BP;NO;PF;V
N;BP;YES;PF;S
N;BP;NO;PF;S
O;BP;YES;IPF;VB
O;BP;NO;IPF;VB
N;BP;NO;IPF;S
N;BP;YES;IPF;S
N;BP;NO;IPF;S
N;BP;YES;IPF;S
O;BP;YES;IPF;VB
O;BP;NO;IPF;VB
O;BP;YES;PF;V
O;BP;NO;PF;V
O;BP;YES;PF;VB
O;BP;NO;PF;VB
O;BP;YES;PF;VB
O;BP;NO;PF;VB
N;BP;YES;PF;V
N;BP;NO;PF;V
O;BP;NO;PF;V
O;BP;YES;PF;V
O;BP;YES;PF;VB
O;BP;NO;PF;VB
O;BP;NO;IPF;V
O;BP;YES;IPF;V
O;BQ;NO;PF;VB
O;BQ;YES;PF;VB
O;BQ;YES;PF;S
O;BQ;NO;PF;S
O;BQ;YES;PF;S
N;BQ;NO;PF;S
O;BQ;YES;PF;VB
O;BQ;NO;PF;VB
O;BQ;YES;PF;V
O;BQ;NO;PF;V
O;BQ;YES;PF;S
O;BQ;NO;PF;S
O;BQ;YES;IPF;VB
N;BQ;NO;IPF;VB
O;BQ;NO;IPF;S
O;BQ;YES;IPF;S
O;BQ;NO;IPF;S
O;BQ;YES;IPF;S
O;BQ;YES;IPF;VB
N;BQ;NO;IPF;VB
O;BQ;YES;PF;V
O;BQ;NO;PF;V
O;BQ;YES;PF;VB
O;BQ;NO;PF;VB
O;BQ;YES;PF;VB
O;BQ;NO;PF;VB
O;BQ;YES;PF;V
O;BQ;NO;PF;V
O;BQ;NO;PF;V
O;BQ;YES;PF;V
O;BQ;YES;PF;VB
O;BQ;NO;PF;VB
N;BQ;NO;IPF;V
O;BQ;YES;IPF;V
O;BR;NO;PF;VB
O;BR;YES;PF;VB
O;BR;YES;PF;S
O;BR;NO;PF;S
O;BR;YES;PF;S
O;BR;NO;PF;S
O;BR;YES;PF;VB
O;BR;NO;PF;VB
O;BR;YES;PF;V
O;BR;NO;PF;V
O;BR;YES;PF;S
O;BR;NO;PF;S
O;BR;YES;IPF;VB
N;BR;NO;IPF;VB
O;BR;NO;IPF;S
N;BR;YES;IPF;S
N;BR;NO;IPF;S
O;BR;YES;IPF;S
O;BR;YES;IPF;VB
O;BR;NO;IPF;VB
O;BR;YES;PF;V
O;BR;NO;PF;V
O;BR;YES;PF;VB
O;BR;NO;PF;VB
O;BR;YES;PF;VB
O;BR;NO;PF;VB
O;BR;YES;PF;V
O;BR;NO;PF;V
O;BR;NO;PF;V
O;BR;YES;PF;V
O;BR;YES;PF;VB
O;BR;NO;PF;VB
N;BR;NO;IPF;V
O;BR;YES;IPF;V
O;BS;NO;PF;VB
O;BS;YES;PF;VB
O;BS;YES;PF;S
O;BS;NO;PF;S
O;BS;YES;PF;S
N;BS;NO;PF;S
O;BS;YES;PF;VB
O;BS;NO;PF;VB
O;BS;YES;PF;V
N;BS;NO;PF;V
O;BS;YES;PF;S
O;BS;NO;PF;S
O;BS;YES;IPF;VB
N;BS;NO;IPF;VB
O;BS;NO;IPF;S
N;BS;YES;IPF;S
N;BS;NO;IPF;S
O;BS;YES;IPF;S
O;BS;YES;IPF;VB
N;BS;NO;IPF;VB
O;BS;YES;PF;V
N;BS;NO;PF;V
N;BS;YES;PF;VB
O;BS;NO;PF;VB
O;BS;YES;PF;VB
O;BS;NO;PF;VB
O;BS;YES;PF;V
O;BS;NO;PF;V
O;BS;NO;PF;V
N;BS;YES;PF;V
O;BS;YES;PF;VB
N;BS;NO;PF;VB
N;BS;NO;IPF;V
O;BS;YES;IPF;V
O;BT;NO;PF;VB
O;BT;YES;PF;VB
O;BT;YES;PF;S
N;BT;NO;PF;S
O;BT;YES;PF;S
O;BT;NO;PF;S
N;BT;YES;PF;VB
O;BT;NO;PF;VB
O;BT;YES;PF;V
O;BT;NO;PF;V
O;BT;YES;PF;S
O;BT;NO;PF;S
O;BT;YES;IPF;VB
N;BT;NO;IPF;VB
O;BT;NO;IPF;S
O;BT;YES;IPF;S
O;BT;NO;IPF;S
O;BT;YES;IPF;S
O;BT;YES;IPF;VB
O;BT;NO;IPF;VB
O;BT;YES;PF;V
O;BT;NO;PF;V
O;BT;YES;PF;VB
O;BT;NO;PF;VB
O;BT;YES;PF;VB
O;BT;NO;PF;VB
O;BT;YES;PF;V
O;BT;NO;PF;V
O;BT;NO;PF;V
N;BT;YES;PF;V
O;BT;YES;PF;VB
O;BT;NO;PF;VB
N;BT;NO;IPF;V
O;BT;YES;IPF;V
O;BU;NO;PF;VB
O;BU;YES;PF;VB
O;BU;YES;PF;S
O;BU;NO;PF;S
O;BU;YES;PF;S
O;BU;NO;PF;S
O;BU;YES;PF;VB
O;BU;NO;PF;VB
O;BU;YES;PF;V
O;BU;NO;PF;V
O;BU;YES;PF;S
O;BU;NO;PF;S
O;BU;YES;IPF;VB
O;BU;NO;IPF;VB
O;BU;NO;IPF;S
O;BU;YES;IPF;S
O;BU;NO;IPF;S
O;BU;YES;IPF;S
O;BU;YES;IPF;VB
N;BU;NO;IPF;VB
O;BU;YES;PF;V
O;BU;NO;PF;V
O;BU;YES;PF;VB
O;BU;NO;PF;VB
O;BU;YES;PF;VB
O;BU;NO;PF;VB
O;BU;YES;PF;V
O;BU;NO;PF;V
O;BU;NO;PF;V
O;BU;YES;PF;V
O;BU;YES;PF;VB
O;BU;NO;PF;VB
N;BU;NO;IPF;V
O;BU;YES;IPF;V
O;BV;NO;PF;VB
O;BV;YES;PF;VB
O;BV;YES;PF;S
O;BV;NO;PF;S
O;BV;YES;PF;S
N;BV;NO;PF;S
O;BV;YES;PF;VB
O;BV;NO;PF;VB
O;BV;YES;PF;V
O;BV;NO;PF;V
O;BV;YES;PF;S
O;BV;NO;PF;S
O;BV;YES;IPF;VB
O;BV;NO;IPF;VB
O;BV;NO;IPF;S
O;BV;YES;IPF;S
O;BV;NO;IPF;S
O;BV;YES;IPF;S
O;BV;YES;IPF;VB
O;BV;NO;IPF;VB
O;BV;YES;PF;V
O;BV;NO;PF;V
O;BV;YES;PF;VB
O;BV;NO;PF;VB
O;BV;YES;PF;VB
O;BV;NO;PF;VB
O;BV;YES;PF;V
O;BV;NO;PF;V
O;BV;NO;PF;V
O;BV;YES;PF;V
O;BV;YES;PF;VB
O;BV;NO;PF;VB
O;BV;NO;IPF;V
O;BV;YES;IPF;V
N;BW;NO;PF;VB
O;BW;YES;PF;VB
O;BW;YES;PF;S
O;BW;NO;PF;S
N;BW;YES;PF;S
O;BW;NO;PF;S
O;BW;YES;PF;VB
O;BW;NO;PF;VB
O;BW;YES;PF;V
N;BW;NO;PF;V
N;BW;YES;PF;S
O;BW;NO;PF;S
O;BW;YES;IPF;VB
O;BW;NO;IPF;VB
N;BW;NO;IPF;S
O;BW;YES;IPF;S
O;BW;NO;IPF;S
N;BW;YES;IPF;S
O;BW;YES;IPF;VB
N;BW;NO;IPF;VB
O;BW;YES;PF;V
N;BW;NO;PF;V
O;BW;YES;PF;VB
O;BW;NO;PF;VB
O;BW;YES;PF;VB
N;BW;NO;PF;VB
O;BW;YES;PF;V
O;BW;NO;PF;V
O;BW;NO;PF;V
N;BW;YES;PF;V
N;BW;YES;PF;VB
O;BW;NO;PF;VB
N;BW;NO;IPF;V
O;BW;YES;IPF;V
O;BX;NO;PF;VB
O;BX;YES;PF;VB
O;BX;YES;PF;S
N;BX;NO;PF;S
O;BX;YES;PF;S
N;BX;NO;PF;S
O;BX;YES;PF;VB
N;BX;NO;PF;VB
O;BX;YES;PF;V
O;BX;NO;PF;V
O;BX;YES;PF;S
N;BX;NO;PF;S
O;BX;YES;IPF;VB
N;BX;NO;IPF;VB
O;BX;NO;IPF;S
O;BX;YES;IPF;S
N;BX;NO;IPF;S
O;BX;YES;IPF;S
O;BX;YES;IPF;VB
N;BX;NO;IPF;VB
O;BX;YES;PF;V
O;BX;NO;PF;V
O;BX;YES;PF;VB
O;BX;NO;PF;VB
O;BX;YES;PF;VB
N;BX;NO;PF;VB
O;BX;YES;PF;V
N;BX;NO;PF;V
O;BX;NO;PF;V
N;BX;YES;PF;V
O;BX;YES;PF;VB
O;BX;NO;PF;VB
N;BX;NO;IPF;V
O;BX;YES;IPF;V
O;BY;NO;PF;VB
O;BY;YES;PF;VB
O;BY;YES;PF;S
O;BY;NO;PF;S
O;BY;YES;PF;S
N;BY;NO;PF;S
O;BY;YES;PF;VB
O;BY;NO;PF;VB
O;BY;YES;PF;V
O;BY;NO;PF;V
O;BY;YES;PF;S
O;BY;NO;PF;S
O;BY;YES;IPF;VB
N;BY;NO;IPF;VB
O;BY;NO;IPF;S
N;BY;YES;IPF;S
N;BY;NO;IPF;S
O;BY;YES;IPF;S
O;BY;YES;IPF;VB
O;BY;NO;IPF;VB
O;BY;YES;PF;V
N;BY;NO;PF;V
O;BY;YES;PF;VB
O;BY;NO;PF;VB
O;BY;YES;PF;VB
N;BY;NO;PF;VB
O;BY;YES;PF;V
O;BY;NO;PF;V
O;BY;NO;PF;V
O;BY;YES;PF;V
O;BY;YES;PF;VB
O;BY;NO;PF;VB
N;BY;NO;IPF;V
O;BY;YES;IPF;V
O;BZ;NO;PF;VB
O;BZ;YES;PF;VB
O;BZ;YES;PF;S
O;BZ;NO;PF;S
O;BZ;YES;PF;S
N;BZ;NO;PF;S
O;BZ;YES;PF;VB
O;BZ;NO;PF;VB
O;BZ;YES;PF;V
O;BZ;NO;PF;V
O;BZ;YES;PF;S
O;BZ;NO;PF;S
O;BZ;YES;IPF;VB
O;BZ;NO;IPF;VB
O;BZ;NO;IPF;S
O;BZ;YES;IPF;S
O;BZ;NO;IPF;S
O;BZ;YES;IPF;S
O;BZ;YES;IPF;VB
O;BZ;NO;IPF;VB
O;BZ;YES;PF;V
O;BZ;NO;PF;V
O;BZ;YES;PF;VB
O;BZ;NO;PF;VB
O;BZ;YES;PF;VB
O;BZ;NO;PF;VB
O;BZ;YES;PF;V
O;BZ;NO;PF;V
O;BZ;NO;PF;V
O;BZ;YES;PF;V
O;BZ;YES;PF;VB
O;BZ;NO;PF;VB
O;BZ;NO;IPF;V
O;BZ;YES;IPF;V
O;C;NO;PF;VB
O;C;YES;PF;VB
O;C;YES;PF;S
N;C;NO;PF;S
O;C;YES;PF;S
N;C;NO;PF;S
O;C;YES;PF;VB
O;C;NO;PF;VB
O;C;YES;PF;V
O;C;NO;PF;V
O;C;YES;PF;S
O;C;NO;PF;S
O;C;YES;IPF;VB
O;C;NO;IPF;VB
O;C;NO;IPF;S
N;C;YES;IPF;S
N;C;NO;IPF;S
O;C;YES;IPF;S
O;C;YES;IPF;VB
O;C;NO;IPF;VB
O;C;YES;PF;V
O;C;NO;PF;V
O;C;YES;PF;VB
O;C;NO;PF;VB
O;C;YES;PF;VB
O;C;NO;PF;VB
O;C;YES;PF;V
O;C;NO;PF;V
O;C;NO;PF;V
O;C;YES;PF;V
O;C;YES;PF;VB
O;C;NO;PF;VB
N;C;NO;IPF;V
O;C;YES;IPF;V
O;CA;NO;PF;VB
O;CA;YES;PF;VB
O;CA;YES;PF;S
N;CA;NO;PF;S
O;CA;YES;PF;S
N;CA;NO;PF;S
O;CA;YES;PF;VB
O;CA;NO;PF;VB
O;CA;YES;PF;V
O;CA;NO;PF;V
O;CA;YES;PF;S
O;CA;NO;PF;S
O;CA;YES;IPF;VB
O;CA;NO;IPF;VB
O;CA;NO;IPF;S
N;CA;YES;IPF;S
N;CA;NO;IPF;S
O;CA;YES;IPF;S
O;CA;YES;IPF;VB
N;CA;NO;IPF;VB
O;CA;YES;PF;V
O;CA;NO;PF;V
O;CA;YES;PF;VB
O;CA;NO;PF;VB
O;CA;YES;PF;VB
O;CA;NO;PF;VB
O;CA;YES;PF;V
O;CA;NO;PF;V
O;CA;NO;PF;V
O;CA;YES;PF;V
O;CA;YES;PF;VB
O;CA;NO;PF;VB
N;CA;NO;IPF;V
O;CA;YES;IPF;V
O;CB;NO;PF;VB
O;CB;YES;PF;VB
N;CB;YES;PF;S
O;CB;NO;PF;S
O;CB;YES;PF;S
N;CB;NO;PF;S
O;CB;YES;PF;VB
O;CB;NO;PF;VB
O;CB;YES;PF;V
O;CB;NO;PF;V
N;CB;YES;PF;S
O;CB;NO;PF;S
O;CB;YES;IPF;VB
N;CB;NO;IPF;VB
O;CB;NO;IPF;S
O;CB;YES;IPF;S
O;CB;NO;IPF;S
O;CB;YES;IPF;S
O;CB;YES;IPF;VB
O;CB;NO;IPF;VB
N;CB;YES;PF;V
O;CB;NO;PF;V
O;CB;YES;PF;VB
O;CB;NO;PF;VB
O;CB;YES;PF;VB
N;CB;NO;PF;VB
O;CB;YES;PF;V
O;CB;NO;PF;V
O;CB;NO;PF;V
O;CB;YES;PF;V
O;CB;YES;PF;VB
N;CB;NO;PF;VB
O;CB;NO;IPF;V
O;CB;YES;IPF;V
N;CC;NO;PF;VB
O;CC;YES;PF;VB
O;CC;YES;PF;S
N;CC;NO;PF;S
O;CC;YES;PF;S
N;CC;NO;PF;S
O;CC;YES;PF;VB
O;CC;NO;PF;VB
O;CC;YES;PF;V
O;CC;NO;PF;V
O;CC;YES;PF;S
O;CC;NO;PF;S
O;CC;YES;IPF;VB
O;CC;NO;IPF;VB
O;CC;NO;IPF;S
O;CC;YES;IPF;S
N;CC;NO;IPF;S
O;CC;YES;IPF;S
O;CC;YES;IPF;VB
N;CC;NO;IPF;VB
O;CC;YES;PF;V
O;CC;NO;PF;V
O;CC;YES;PF;VB
O;CC;NO;PF;VB
O;CC;YES;PF;VB
N;CC;NO;PF;VB
O;CC;YES;PF;V
O;CC;NO;PF;V
O;CC;NO;PF;V
O;CC;YES;PF;V
O;CC;YES;PF;VB
O;CC;NO;PF;VB
O;CC;NO;IPF;V
O;CC;YES;IPF;V
N;CD;NO;PF;VB
O;CD;YES;PF;VB
O;CD;YES;PF;S
N;CD;NO;PF;S
O;CD;YES;PF;S
N;CD;NO;PF;S
N;CD;YES;PF;VB
O;CD;NO;PF;VB
O;CD;YES;PF;V
O;CD;NO;PF;V
O;CD;YES;PF;S
O;CD;NO;PF;S
O;CD;YES;IPF;VB
O;CD;NO;IPF;VB
N;CD;NO;IPF;S
O;CD;YES;IPF;S
O;CD;NO;IPF;S
O;CD;YES;IPF;S
O;CD;YES;IPF;VB
O;CD;NO;IPF;VB
O;CD;YES;PF;V
N;CD;NO;PF;V
N;CD;YES;PF;VB
O;CD;NO;PF;VB
O;CD;YES;PF;VB
N;CD;NO;PF;VB
O;CD;YES;PF;V
O;CD;NO;PF;V
O;CD;NO;PF;V
N;CD;YES;PF;V
O;CD;YES;PF;VB
O;CD;NO;PF;VB
N;CD;NO;IPF;V
O;CD;YES;IPF;V
O;CE;NO;PF;VB
O;CE;YES;PF;VB
O;CE;YES;PF;S
N;CE;NO;PF;S
O;CE;YES;PF;S
N;CE;NO;PF;S
N;CE;YES;PF;VB
O;CE;NO;PF;VB
O;CE;YES;PF;V
O;CE;NO;PF;V
N;CE;YES;PF;S
O;CE;NO;PF;S
O;CE;YES;IPF;VB
O;CE;NO;IPF;VB
O;CE;NO;IPF;S
N;CE;YES;IPF;S
N;CE;NO;IPF;S
O;CE;YES;IPF;S
O;CE;YES;IPF;VB
N;CE;NO;IPF;VB
O;CE;YES;PF;V
N;CE;NO;PF;V
O;CE;YES;PF;VB
O;CE;NO;PF;VB
O;CE;YES;PF;VB
N;CE;NO;PF;VB
N;CE;YES;PF;V
O;CE;NO;PF;V
O;CE;NO;PF;V
N;CE;YES;PF;V
O;CE;YES;PF;VB
O;CE;NO;PF;VB
N;CE;NO;IPF;V
O;CE;YES;IPF;V
O;CF;NO;PF;VB
O;CF;YES;PF;VB
O;CF;YES;PF;S
O;CF;NO;PF;S
O;CF;YES;PF;S
N;CF;NO;PF;S
O;CF;YES;PF;VB
O;CF;NO;PF;VB
O;CF;YES;PF;V
O;CF;NO;PF;V
O;CF;YES;PF;S
O;CF;NO;PF;S
O;CF;YES;IPF;VB
N;CF;NO;IPF;VB
O;CF;NO;IPF;S
N;CF;YES;IPF;S
N;CF;NO;IPF;S
O;CF;YES;IPF;S
O;CF;YES;IPF;VB
N;CF;NO;IPF;VB
O;CF;YES;PF;V
O;CF;NO;PF;V
O;CF;YES;PF;VB
O;CF;NO;PF;VB
O;CF;YES;PF;VB
N;CF;NO;PF;VB
O;CF;YES;PF;V
O;CF;NO;PF;V
O;CF;NO;PF;V
N;CF;YES;PF;V
O;CF;YES;PF;VB
O;CF;NO;PF;VB
N;CF;NO;IPF;V
O;CF;YES;IPF;V
O;CG;NO;PF;VB
O;CG;YES;PF;VB
O;CG;YES;PF;S
O;CG;NO;PF;S
O;CG;YES;PF;S
N;CG;NO;PF;S
O;CG;YES;PF;VB
O;CG;NO;PF;VB
O;CG;YES;PF;V
O;CG;NO;PF;V
O;CG;YES;PF;S
O;CG;NO;PF;S
O;CG;YES;IPF;VB
N;CG;NO;IPF;VB
O;CG;NO;IPF;S
O;CG;YES;IPF;S
O;CG;NO;IPF;S
N;CG;YES;IPF;S
O;CG;YES;IPF;VB
N;CG;NO;IPF;VB
O;CG;YES;PF;V
O;CG;NO;PF;V
O;CG;YES;PF;VB
O;CG;NO;PF;VB
O;CG;YES;PF;VB
N;CG;NO;PF;VB
O;CG;YES;PF;V
O;CG;NO;PF;V
O;CG;NO;PF;V
O;CG;YES;PF;V
O;CG;YES;PF;VB
N;CG;NO;PF;VB
N;CG;NO;IPF;V
O;CG;YES;IPF;V
O;CH;NO;PF;VB
O;CH;YES;PF;VB
O;CH;YES;PF;S
O;CH;NO;PF;S
O;CH;YES;PF;S
N;CH;NO;PF;S
O;CH;YES;PF;VB
O;CH;NO;PF;VB
O;CH;YES;PF;V
O;CH;NO;PF;V
O;CH;YES;PF;S
O;CH;NO;PF;S
O;CH;YES;IPF;VB
O;CH;NO;IPF;VB
O;CH;NO;IPF;S
O;CH;YES;IPF;S
N;CH;NO;IPF;S
O;CH;YES;IPF;S
O;CH;YES;IPF;VB
N;CH;NO;IPF;VB
O;CH;YES;PF;V
N;CH;NO;PF;V
O;CH;YES;PF;VB
O;CH;NO;PF;VB
O;CH;YES;PF;VB
N;CH;NO;PF;VB
O;CH;YES;PF;V
O;CH;NO;PF;V
O;CH;NO;PF;V
N;CH;YES;PF;V
N;CH;YES;PF;VB
O;CH;NO;PF;VB
N;CH;NO;IPF;V
O;CH;YES;IPF;V
N;CI;NO;PF;VB
O;CI;YES;PF;VB
O;CI;YES;PF;S
N;CI;NO;PF;S
O;CI;YES;PF;S
N;CI;NO;PF;S
O;CI;YES;PF;VB
O;CI;NO;PF;VB
O;CI;YES;PF;V
O;CI;NO;PF;V
O;CI;YES;PF;S
O;CI;NO;PF;S
O;CI;YES;IPF;VB
N;CI;NO;IPF;VB
N;CI;NO;IPF;S
O;CI;YES;IPF;S
N;CI;NO;IPF;S
O;CI;YES;IPF;S
O;CI;YES;IPF;VB
N;CI;NO;IPF;VB
O;CI;YES;PF;V
N;CI;NO;PF;V
O;CI;YES;PF;VB
O;CI;NO;PF;VB
O;CI;YES;PF;VB
N;CI;NO;PF;VB
O;CI;YES;PF;V
O;CI;NO;PF;V
O;CI;NO;PF;V
N;CI;YES;PF;V
N;CI;YES;PF;VB
O;CI;NO;PF;VB
N;CI;NO;IPF;V
O;CI;YES;IPF;V
O;CJ;NO;PF;VB
O;CJ;YES;PF;VB
O;CJ;YES;PF;S
O;CJ;NO;PF;S
O;CJ;YES;PF;S
N;CJ;NO;PF;S
O;CJ;YES;PF;VB
O;CJ;NO;PF;VB
N;CJ;YES;PF;V
O;CJ;NO;PF;V
O;CJ;YES;PF;S
O;CJ;NO;PF;S
O;CJ;YES;IPF;VB
N;CJ;NO;IPF;VB
O;CJ;NO;IPF;S
N;CJ;YES;IPF;S
N;CJ;NO;IPF;S
O;CJ;YES;IPF;S
O;CJ;YES;IPF;VB
N;CJ;NO;IPF;VB
O;CJ;YES;PF;V
O;CJ;NO;PF;V
O;CJ;YES;PF;VB
O;CJ;NO;PF;VB
O;CJ;YES;PF;VB
O;CJ;NO;PF;VB
O;CJ;YES;PF;V
N;CJ;NO;PF;V
O;CJ;NO;PF;V
O;CJ;YES;PF;V
O;CJ;YES;PF;VB
O;CJ;NO;PF;VB
N;CJ;NO;IPF;V
O;CJ;YES;IPF;V
O;CK;NO;PF;VB
O;CK;YES;PF;VB
O;CK;YES;PF;S
O;CK;NO;PF;S
O;CK;YES;PF;S
N;CK;NO;PF;S
O;CK;YES;PF;VB
O;CK;NO;PF;VB
O;CK;YES;PF;V
O;CK;NO;PF;V
O;CK;YES;PF;S
O;CK;NO;PF;S
O;CK;YES;IPF;VB
N;CK;NO;IPF;VB
O;CK;NO;IPF;S
N;CK;YES;IPF;S
N;CK;NO;IPF;S
O;CK;YES;IPF;S
O;CK;YES;IPF;VB
N;CK;NO;IPF;VB
O;CK;YES;PF;V
O;CK;NO;PF;V
O;CK;YES;PF;VB
O;CK;NO;PF;VB
O;CK;YES;PF;VB
N;CK;NO;PF;VB
O;CK;YES;PF;V
N;CK;NO;PF;V
O;CK;NO;PF;V
O;CK;YES;PF;V
O;CK;YES;PF;VB
O;CK;NO;PF;VB
N;CK;NO;IPF;V
O;CK;YES;IPF;V
O;CL;NO;PF;VB
O;CL;YES;PF;VB
O;CL;YES;PF;S
O;CL;NO;PF;S
O;CL;YES;PF;S
O;CL;NO;PF;S
O;CL;YES;PF;VB
O;CL;NO;PF;VB
O;CL;YES;PF;V
O;CL;NO;PF;V
O;CL;YES;PF;S
O;CL;NO;PF;S
O;CL;YES;IPF;VB
O;CL;NO;IPF;VB
O;CL;NO;IPF;S
O;CL;YES;IPF;S
O;CL;NO;IPF;S
O;CL;YES;IPF;S
O;CL;YES;IPF;VB
O;CL;NO;IPF;VB
O;CL;YES;PF;V
O;CL;NO;PF;V
O;CL;YES;PF;VB
O;CL;NO;PF;VB
O;CL;YES;PF;VB
O;CL;NO;PF;VB
O;CL;YES;PF;V
O;CL;NO;PF;V
O;CL;NO;PF;V
O;CL;YES;PF;V
O;CL;YES;PF;VB
O;CL;NO;PF;VB
O;CL;NO;IPF;V
O;CL;YES;IPF;V
N;CM;NO;PF;VB
O;CM;YES;PF;VB
O;CM;YES;PF;S
N;CM;NO;PF;S
N;CM;YES;PF;S
N;CM;NO;PF;S
N;CM;YES;PF;VB
O;CM;NO;PF;VB
O;CM;YES;PF;V
N;CM;NO;PF;V
N;CM;YES;PF;S
O;CM;NO;PF;S
O;CM;YES;IPF;VB
N;CM;NO;IPF;VB
N;CM;NO;IPF;S
O;CM;YES;IPF;S
N;CM;NO;IPF;S
O;CM;YES;IPF;S
N;CM;YES;IPF;VB
O;CM;NO;IPF;VB
O;CM;YES;PF;V
N;CM;NO;PF;V
N;CM;YES;PF;VB
O;CM;NO;PF;VB
O;CM;YES;PF;VB
N;CM;NO;PF;VB
O;CM;YES;PF;V
O;CM;NO;PF;V
O;CM;NO;PF;V
N;CM;YES;PF;V
N;CM;YES;PF;VB
O;CM;NO;PF;VB
N;CM;NO;IPF;V
O;CM;YES;IPF;V
O;CN;NO;PF;VB
O;CN;YES;PF;VB
O;CN;YES;PF;S
O;CN;NO;PF;S
O;CN;YES;PF;S
N;CN;NO;PF;S
O;CN;YES;PF;VB
O;CN;NO;PF;VB
O;CN;YES;PF;V
N;CN;NO;PF;V
N;CN;YES;PF;S
O;CN;NO;PF;S
O;CN;YES;IPF;VB
O;CN;NO;IPF;VB
O;CN;NO;IPF;S
N;CN;YES;IPF;S
N;CN;NO;IPF;S
O;CN;YES;IPF;S
O;CN;YES;IPF;VB
N;CN;NO;IPF;VB
O;CN;YES;PF;V
N;CN;NO;PF;V
O;CN;YES;PF;VB
O;CN;NO;PF;VB
O;CN;YES;PF;VB
N;CN;NO;PF;VB
O;CN;YES;PF;V
O;CN;NO;PF;V
O;CN;NO;PF;V
N;CN;YES;PF;V
O;CN;YES;PF;VB
O;CN;NO;PF;VB
N;CN;NO;IPF;V
O;CN;YES;IPF;V
O;CO;NO;PF;VB
O;CO;YES;PF;VB
O;CO;YES;PF;S
N;CO;NO;PF;S
O;CO;YES;PF;S
O;CO;NO;PF;S
O;CO;YES;PF;VB
O;CO;NO;PF;VB
O;CO;YES;PF;V
O;CO;NO;PF;V
O;CO;YES;PF;S
O;CO;NO;PF;S
O;CO;YES;IPF;VB
N;CO;NO;IPF;VB
O;CO;NO;IPF;S
N;CO;YES;IPF;S
N;CO;NO;IPF;S
O;CO;YES;IPF;S
O;CO;YES;IPF;VB
N;CO;NO;IPF;VB
O;CO;YES;PF;V
N;CO;NO;PF;V
O;CO;YES;PF;VB
O;CO;NO;PF;VB
O;CO;YES;PF;VB
N;CO;NO;PF;VB
O;CO;YES;PF;V
O;CO;NO;PF;V
O;CO;NO;PF;V
N;CO;YES;PF;V
O;CO;YES;PF;VB
O;CO;NO;PF;VB
N;CO;NO;IPF;V
O;CO;YES;IPF;V
O;CP;NO;PF;VB
O;CP;YES;PF;VB
O;CP;YES;PF;S
O;CP;NO;PF;S
O;CP;YES;PF;S
N;CP;NO;PF;S
O;CP;YES;PF;VB
O;CP;NO;PF;VB
O;CP;YES;PF;V
O;CP;NO;PF;V
O;CP;YES;PF;S
O;CP;NO;PF;S
O;CP;YES;IPF;VB
N;CP;NO;IPF;VB
O;CP;NO;IPF;S
N;CP;YES;IPF;S
N;CP;NO;IPF;S
O;CP;YES;IPF;S
O;CP;YES;IPF;VB
N;CP;NO;IPF;VB
O;CP;YES;PF;V
N;CP;NO;PF;V
O;CP;YES;PF;VB
O;CP;NO;PF;VB
O;CP;YES;PF;VB
N;CP;NO;PF;VB
O;CP;YES;PF;V
O;CP;NO;PF;V
O;CP;NO;PF;V
N;CP;YES;PF;V
O;CP;YES;PF;VB
O;CP;NO;PF;VB
N;CP;NO;IPF;V
O;CP;YES;IPF;V
N;CQ;NO;PF;VB
O;CQ;YES;PF;VB
O;CQ;YES;PF;S
O;CQ;NO;PF;S
O;CQ;YES;PF;S
N;CQ;NO;PF;S
O;CQ;YES;PF;VB
O;CQ;NO;PF;VB
O;CQ;YES;PF;V
O;CQ;NO;PF;V
O;CQ;YES;PF;S
O;CQ;NO;PF;S
O;CQ;YES;IPF;VB
N;CQ;NO;IPF;VB
O;CQ;NO;IPF;S
O;CQ;YES;IPF;S
N;CQ;NO;IPF;S
O;CQ;YES;IPF;S
O;CQ;YES;IPF;VB
N;CQ;NO;IPF;VB
O;CQ;YES;PF;V
O;CQ;NO;PF;V
O;CQ;YES;PF;VB
O;CQ;NO;PF;VB
O;CQ;YES;PF;VB
N;CQ;NO;PF;VB
O;CQ;YES;PF;V
O;CQ;NO;PF;V
O;CQ;NO;PF;V
N;CQ;YES;PF;V
O;CQ;YES;PF;VB
O;CQ;NO;PF;VB
N;CQ;NO;IPF;V
O;CQ;YES;IPF;V
N;CR;NO;PF;VB
O;CR;YES;PF;VB
O;CR;YES;PF;S
N;CR;NO;PF;S
O;CR;YES;PF;S
N;CR;NO;PF;S
O;CR;YES;PF;VB
N;CR;NO;PF;VB
O;CR;YES;PF;V
N;CR;NO;PF;V
O;CR;YES;PF;S
O;CR;NO;PF;S
O;CR;YES;IPF;VB
N;CR;NO;IPF;VB
O;CR;NO;IPF;S
N;CR;YES;IPF;S
O;CR;NO;IPF;S
N;CR;YES;IPF;S
O;CR;YES;IPF;VB
N;CR;NO;IPF;VB
O;CR;YES;PF;V
N;CR;NO;PF;V
N;CR;YES;PF;VB
O;CR;NO;PF;VB
O;CR;YES;PF;VB
O;CR;NO;PF;VB
O;CR;YES;PF;V
O;CR;NO;PF;V
O;CR;NO;PF;V
N;CR;YES;PF;V
O;CR;YES;PF;VB
N;CR;NO;PF;VB
N;CR;NO;IPF;V
O;CR;YES;IPF;V
O;CS;NO;PF;VB
O;CS;YES;PF;VB
O;CS;YES;PF;S
O;CS;NO;PF;S
O;CS;YES;PF;S
N;CS;NO;PF;S
O;CS;YES;PF;VB
O;CS;NO;PF;VB
O;CS;YES;PF;V
O;CS;NO;PF;V
O;CS;YES;PF;S
O;CS;NO;PF;S
O;CS;YES;IPF;VB
O;CS;NO;IPF;VB
O;CS;NO;IPF;S
N;CS;YES;IPF;S
O;CS;NO;IPF;S
O;CS;YES;IPF;S
O;CS;YES;IPF;VB
O;CS;NO;IPF;VB
O;CS;YES;PF;V
O;CS;NO;PF;V
O;CS;YES;PF;VB
O;CS;NO;PF;VB
O;CS;YES;PF;VB
O;CS;NO;PF;VB
O;CS;YES;PF;V
O;CS;NO;PF;V
O;CS;NO;PF;V
O;CS;YES;PF;V
O;CS;YES;PF;VB
O;CS;NO;PF;VB
N;CS;NO;IPF;V
O;CS;YES;IPF;V
O;CT;NO;PF;VB
O;CT;YES;PF;VB
O;CT;YES;PF;S
O;CT;NO;PF;S
O;CT;YES;PF;S
O;CT;NO;PF;S
O;CT;YES;PF;VB
O;CT;NO;PF;VB
O;CT;YES;PF;V
O;CT;NO;PF;V
O;CT;YES;PF;S
O;CT;NO;PF;S
O;CT;YES;IPF;VB
N;CT;NO;IPF;VB
N;CT;NO;IPF;S
N;CT;YES;IPF;S
N;CT;NO;IPF;S
O;CT;YES;IPF;S
N;CT;YES;IPF;VB
N;CT;NO;IPF;VB
O;CT;YES;PF;V
N;CT;NO;PF;V
O;CT;YES;PF;VB
O;CT;NO;PF;VB
O;CT;YES;PF;VB
N;CT;NO;PF;VB
O;CT;YES;PF;V
O;CT;NO;PF;V
O;CT;NO;PF;V
N;CT;YES;PF;V
O;CT;YES;PF;VB
O;CT;NO;PF;VB
N;CT;NO;IPF;V
O;CT;YES;IPF;V
O;CU;NO;PF;VB
O;CU;YES;PF;VB
O;CU;YES;PF;S
O;CU;NO;PF;S
N;CU;YES;PF;S
O;CU;NO;PF;S
O;CU;YES;PF;VB
O;CU;NO;PF;VB
O;CU;YES;PF;V
O;CU;NO;PF;V
O;CU;YES;PF;S
O;CU;NO;PF;S
O;CU;YES;IPF;VB
N;CU;NO;IPF;VB
O;CU;NO;IPF;S
N;CU;YES;IPF;S
N;CU;NO;IPF;S
O;CU;YES;IPF;S
O;CU;YES;IPF;VB
O;CU;NO;IPF;VB
O;CU;YES;PF;V
O;CU;NO;PF;V
O;CU;YES;PF;VB
O;CU;NO;PF;VB
O;CU;YES;PF;VB
O;CU;NO;PF;VB
O;CU;YES;PF;V
O;CU;NO;PF;V
O;CU;NO;PF;V
O;CU;YES;PF;V
O;CU;YES;PF;VB
O;CU;NO;PF;VB
N;CU;NO;IPF;V
O;CU;YES;IPF;V
N;CV;NO;PF;VB
O;CV;YES;PF;VB
O;CV;YES;PF;S
N;CV;NO;PF;S
O;CV;YES;PF;S
N;CV;NO;PF;S
O;CV;YES;PF;VB
O;CV;NO;PF;VB
O;CV;YES;PF;V
O;CV;NO;PF;V
N;CV;YES;PF;S
O;CV;NO;PF;S
O;CV;YES;IPF;VB
N;CV;NO;IPF;VB
N;CV;NO;IPF;S
N;CV;YES;IPF;S
N;CV;NO;IPF;S
O;CV;YES;IPF;S
O;CV;YES;IPF;VB
O;CV;NO;IPF;VB
O;CV;YES;PF;V
O;CV;NO;PF;V
O;CV;YES;PF;VB
O;CV;NO;PF;VB
O;CV;YES;PF;VB
O;CV;NO;PF;VB
O;CV;YES;PF;V
O;CV;NO;PF;V
O;CV;NO;PF;V
N;CV;YES;PF;V
O;CV;YES;PF;VB
O;CV;NO;PF;VB
N;CV;NO;IPF;V
O;CV;YES;IPF;V
O;CW;NO;PF;VB
O;CW;YES;PF;VB
O;CW;YES;PF;S
O;CW;NO;PF;S
O;CW;YES;PF;S
N;CW;NO;PF;S
O;CW;YES;PF;VB
O;CW;NO;PF;VB
O;CW;YES;PF;V
O;CW;NO;PF;V
O;CW;YES;PF;S
O;CW;NO;PF;S
O;CW;YES;IPF;VB
O;CW;NO;IPF;VB
O;CW;NO;IPF;S
O;CW;YES;IPF;S
O;CW;NO;IPF;S
O;CW;YES;IPF;S
O;CW;YES;IPF;VB
O;CW;NO;IPF;VB
O;CW;YES;PF;V
O;CW;NO;PF;V
O;CW;YES;PF;VB
O;CW;NO;PF;VB
O;CW;YES;PF;VB
O;CW;NO;PF;VB
O;CW;YES;PF;V
O;CW;NO;PF;V
O;CW;NO;PF;V
O;CW;YES;PF;V
O;CW;YES;PF;VB
O;CW;NO;PF;VB
O;CW;NO;IPF;V
O;CW;YES;IPF;V
O;CX;NO;PF;VB
O;CX;YES;PF;VB
O;CX;YES;PF;S
O;CX;NO;PF;S
O;CX;YES;PF;S
O;CX;NO;PF;S
O;CX;YES;PF;VB
O;CX;NO;PF;VB
O;CX;YES;PF;V
O;CX;NO;PF;V
O;CX;YES;PF;S
O;CX;NO;PF;S
O;CX;YES;IPF;VB
N;CX;NO;IPF;VB
N;CX;NO;IPF;S
O;CX;YES;IPF;S
N;CX;NO;IPF;S
O;CX;YES;IPF;S
O;CX;YES;IPF;VB
N;CX;NO;IPF;VB
O;CX;YES;PF;V
O;CX;NO;PF;V
O;CX;YES;PF;VB
O;CX;NO;PF;VB
O;CX;YES;PF;VB
O;CX;NO;PF;VB
O;CX;YES;PF;V
O;CX;NO;PF;V
O;CX;NO;PF;V
N;CX;YES;PF;V
O;CX;YES;PF;VB
O;CX;NO;PF;VB
N;CX;NO;IPF;V
O;CX;YES;IPF;V
O;CY;NO;PF;VB
O;CY;YES;PF;VB
O;CY;YES;PF;S
O;CY;NO;PF;S
O;CY;YES;PF;S
N;CY;NO;PF;S
O;CY;YES;PF;VB
O;CY;NO;PF;VB
O;CY;YES;PF;V
O;CY;NO;PF;V
O;CY;YES;PF;S
O;CY;NO;PF;S
O;CY;YES;IPF;VB
O;CY;NO;IPF;VB
O;CY;NO;IPF;S
O;CY;YES;IPF;S
N;CY;NO;IPF;S
O;CY;YES;IPF;S
O;CY;YES;IPF;VB
N;CY;NO;IPF;VB
O;CY;YES;PF;V
O;CY;NO;PF;V
O;CY;YES;PF;VB
O;CY;NO;PF;VB
O;CY;YES;PF;VB
O;CY;NO;PF;VB
O;CY;YES;PF;V
O;CY;NO;PF;V
O;CY;NO;PF;V
O;CY;YES;PF;V
O;CY;YES;PF;VB
O;CY;NO;PF;VB
N;CY;NO;IPF;V
O;CY;YES;IPF;V
O;CZ;NO;PF;VB
O;CZ;YES;PF;VB
O;CZ;YES;PF;S
O;CZ;NO;PF;S
N;CZ;YES;PF;S
O;CZ;NO;PF;S
O;CZ;YES;PF;VB
O;CZ;NO;PF;VB
O;CZ;YES;PF;V
O;CZ;NO;PF;V
O;CZ;YES;PF;S
O;CZ;NO;PF;S
O;CZ;YES;IPF;VB
O;CZ;NO;IPF;VB
O;CZ;NO;IPF;S
O;CZ;YES;IPF;S
O;CZ;NO;IPF;S
O;CZ;YES;IPF;S
O;CZ;YES;IPF;VB
O;CZ;NO;IPF;VB
O;CZ;YES;PF;V
O;CZ;NO;PF;V
O;CZ;YES;PF;VB
O;CZ;NO;PF;VB
O;CZ;YES;PF;VB
O;CZ;NO;PF;VB
O;CZ;YES;PF;V
O;CZ;NO;PF;V
O;CZ;NO;PF;V
O;CZ;YES;PF;V
O;CZ;YES;PF;VB
O;CZ;NO;PF;VB
N;CZ;NO;IPF;V
O;CZ;YES;IPF;V
O;D;NO;PF;VB
O;D;YES;PF;VB
O;D;YES;PF;S
N;D;NO;PF;S
O;D;YES;PF;S
N;D;NO;PF;S
O;D;YES;PF;VB
O;D;NO;PF;VB
O;D;YES;PF;V
O;D;NO;PF;V
O;D;YES;PF;S
O;D;NO;PF;S
O;D;YES;IPF;VB
O;D;NO;IPF;VB
N;D;NO;IPF;S
O;D;YES;IPF;S
N;D;NO;IPF;S
O;D;YES;IPF;S
O;D;YES;IPF;VB
O;D;NO;IPF;VB
O;D;YES;PF;V
N;D;NO;PF;V
N;D;YES;PF;VB
O;D;NO;PF;VB
O;D;YES;PF;VB
O;D;NO;PF;VB
O;D;YES;PF;V
O;D;NO;PF;V
O;D;NO;PF;V
O;D;YES;PF;V
O;D;YES;PF;VB
O;D;NO;PF;VB
N;D;NO;IPF;V
O;D;YES;IPF;V
O;DA;NO;PF;VB
O;DA;YES;PF;VB
O;DA;YES;PF;S
O;DA;NO;PF;S
O;DA;YES;PF;S
O;DA;NO;PF;S
N;DA;YES;PF;VB
O;DA;NO;PF;VB
O;DA;YES;PF;V
O;DA;NO;PF;V
O;DA;YES;PF;S
O;DA;NO;PF;S
O;DA;YES;IPF;VB
O;DA;NO;IPF;VB
O;DA;NO;IPF;S
O;DA;YES;IPF;S
N;DA;NO;IPF;S
O;DA;YES;IPF;S
N;DA;YES;IPF;VB
O;DA;NO;IPF;VB
O;DA;YES;PF;V
O;DA;NO;PF;V
O;DA;YES;PF;VB
O;DA;NO;PF;VB
O;DA;YES;PF;VB
O;DA;NO;PF;VB
O;DA;YES;PF;V
O;DA;NO;PF;V
O;DA;NO;PF;V
O;DA;YES;PF;V
O;DA;YES;PF;VB
N;DA;NO;PF;VB
N;DA;NO;IPF;V
O;DA;YES;IPF;V
O;DB;NO;PF;VB
O;DB;YES;PF;VB
O;DB;YES;PF;S
N;DB;NO;PF;S
O;DB;YES;PF;S
N;DB;NO;PF;S
O;DB;YES;PF;VB
O;DB;NO;PF;VB
O;DB;YES;PF;V
O;DB;NO;PF;V
O;DB;YES;PF;S
O;DB;NO;PF;S
O;DB;YES;IPF;VB
O;DB;NO;IPF;VB
O;DB;NO;IPF;S
O;DB;YES;IPF;S
N;DB;NO;IPF;S
O;DB;YES;IPF;S
O;DB;YES;IPF;VB
N;DB;NO;IPF;VB
O;DB;YES;PF;V
O;DB;NO;PF;V
O;DB;YES;PF;VB
O;DB;NO;PF;VB
O;DB;YES;PF;VB
N;DB;NO;PF;VB
O;DB;YES;PF;V
O;DB;NO;PF;V
O;DB;NO;PF;V
O;DB;YES;PF;V
O;DB;YES;PF;VB
N;DB;NO;PF;VB
N;DB;NO;IPF;V
O;DB;YES;IPF;V
O;DC;NO;PF;VB
O;DC;YES;PF;VB
O;DC;YES;PF;S
O;DC;NO;PF;S
N;DC;YES;PF;S
O;DC;NO;PF;S
O;DC;YES;PF;VB
O;DC;NO;PF;VB
O;DC;YES;PF;V
O;DC;NO;PF;V
O;DC;YES;PF;S
O;DC;NO;PF;S
O;DC;YES;IPF;VB
N;DC;NO;IPF;VB
O;DC;NO;IPF;S
N;DC;YES;IPF;S
N;DC;NO;IPF;S
O;DC;YES;IPF;S
O;DC;YES;IPF;VB
O;DC;NO;IPF;VB
O;DC;YES;PF;V
O;DC;NO;PF;V
O;DC;YES;PF;VB
O;DC;NO;PF;VB
O;DC;YES;PF;VB
O;DC;NO;PF;VB
O;DC;YES;PF;V
O;DC;NO;PF;V
O;DC;NO;PF;V
O;DC;YES;PF;V
O;DC;YES;PF;VB
O;DC;NO;PF;VB
N;DC;NO;IPF;V
O;DC;YES;IPF;V
O;DD;NO;PF;VB
O;DD;YES;PF;VB
O;DD;YES;PF;S
O;DD;NO;PF;S
O;DD;YES;PF;S
N;DD;NO;PF;S
O;DD;YES;PF;VB
O;DD;NO;PF;VB
O;DD;YES;PF;V
O;DD;NO;PF;V
O;DD;YES;PF;S
O;DD;NO;PF;S
O;DD;YES;IPF;VB
O;DD;NO;IPF;VB
N;DD;NO;IPF;S
O;DD;YES;IPF;S
O;DD;NO;IPF;S
O;DD;YES;IPF;S
O;DD;YES;IPF;VB
O;DD;NO;IPF;VB
O;DD;YES;PF;V
O;DD;NO;PF;V
O;DD;YES;PF;VB
O;DD;NO;PF;VB
O;DD;YES;PF;VB
N;DD;NO;PF;VB
O;DD;YES;PF;V
O;DD;NO;PF;V
O;DD;NO;PF;V
O;DD;YES;PF;V
O;DD;YES;PF;VB
O;DD;NO;PF;VB
N;DD;NO;IPF;V
O;DD;YES;IPF;V
